id,first_name,last_name,email,month,utm_source
10037,Charles,Ochoa,COchoa36@gmail.com,3 - March,facebook
10046,Karen,Booker,KBooker91@gmail.com,2 - February,facebook
10053,Marie,Osborne,MOsborne27@gmail.com,2 - February,google
10084,William,Booker,WBooker18@gmail.com,2 - February,facebook
10094,Marie,Stephenson,MStephenson61@gmail.com,3 - March,facebook
10206,Gerald,Bass,GBass90@gmail.com,2 - February,google
10207,Melissa,Webb,MWebb60@gmail.com,2 - February,facebook
10255,Lawrence,Hoffman,LHoffman73@gmail.com,3 - March,google
10268,Diana,Stephenson,DStephenson1@gmail.com,3 - March,twitter
10273,Melissa,Chandler,MChandler45@gmail.com,1 - January,email
10336,Daniel,Haney,DHaney76@gmail.com,2 - February,twitter
10350,Richard,Ford,RFord12@gmail.com,3 - March,twitter
10403,Helen,Townsend,HTownsend81@gmail.com,1 - January,google
10428,Karen,Townsend,KTownsend33@gmail.com,3 - March,google
10463,Sandra,Booker,SBooker2@gmail.com,2 - February,yahoo
10503,Elizabeth,Stanley,EStanley27@gmail.com,1 - January,email
10561,Gregory,Stanley,GStanley6@gmail.com,1 - January,yahoo
10610,Lauren,Caldwell,LCaldwell40@gmail.com,1 - January,yahoo
10665,Zachary,Hoffman,ZHoffman6@gmail.com,3 - March,twitter
10688,Benjamin,Webb,BWebb33@gmail.com,1 - January,facebook
10702,Donald,Santana,DSantana80@gmail.com,2 - February,yahoo
10726,Carolyn,Aguilar,CAguilar55@gmail.com,1 - January,yahoo
10734,Marie,Townsend,MTownsend26@gmail.com,3 - March,google
10743,Carolyn,Joyce,CJoyce8@gmail.com,3 - March,facebook
10746,Jeffrey,Hines,JHines99@gmail.com,2 - February,facebook
10760,Alice,Hoffman,AHoffman84@gmail.com,2 - February,google
10773,Jeffrey,Koch,JKoch73@gmail.com,1 - January,google
10851,Carolyn,Herrera,CHerrera90@gmail.com,2 - February,facebook
10863,Jesse,Stephenson,JStephenson44@gmail.com,1 - January,facebook
10868,Carolyn,Middleton,CMiddleton6@gmail.com,3 - March,facebook
10881,Dennis,Koch,DKoch10@gmail.com,2 - February,google
10955,Jean,Warren,JWarren90@gmail.com,2 - February,facebook
10996,Dennis,Stanley,DStanley65@gmail.com,1 - January,yahoo
11056,Stephanie,Mclean,SMclean16@gmail.com,3 - March,google
11075,Richard,Ochoa,ROchoa20@gmail.com,1 - January,facebook
11105,Melissa,Walls,MWalls48@gmail.com,3 - March,google
11109,Richard,Booker,RBooker78@gmail.com,3 - March,facebook
11111,Paul,Osborne,POsborne51@gmail.com,2 - February,facebook
11112,Ethan,Middleton,EMiddleton55@gmail.com,2 - February,email
11146,Lauren,Herrera,LHerrera99@gmail.com,1 - January,yahoo
11220,Brenda,Tillman,BTillman73@gmail.com,3 - March,email
11257,Alice,Koch,AKoch98@gmail.com,2 - February,yahoo
11268,Teresa,Schultz,TSchultz44@gmail.com,1 - January,google
11287,Lauren,Peters,LPeters23@gmail.com,1 - January,email
11292,Gerald,Caldwell,GCaldwell29@gmail.com,2 - February,facebook
11301,David,Salas,DSalas26@gmail.com,1 - January,twitter
11340,Zachary,Peters,ZPeters49@gmail.com,1 - January,yahoo
11352,Brandon,Strickland,BStrickland42@gmail.com,3 - March,google
11362,Adam,Aguilar,AAguilar42@gmail.com,3 - March,twitter
11364,Paul,Stanley,PStanley94@gmail.com,3 - March,facebook
11428,Jean,Mclean,JMclean28@gmail.com,2 - February,yahoo
11438,Carolyn,Haney,CHaney25@gmail.com,2 - February,twitter
11504,Grace,Lambert,GLambert88@gmail.com,3 - March,twitter
11545,Diana,Aguilar,DAguilar49@gmail.com,2 - February,facebook
11610,Jesse,Hoffman,JHoffman61@gmail.com,2 - February,yahoo
11715,Joyce,Jacobson,JJacobson11@gmail.com,2 - February,twitter
11720,Frances,Ford,FFord60@gmail.com,3 - March,facebook
11762,Adam,Mclean,AMclean80@gmail.com,1 - January,google
11776,Carolyn,Hoffman,CHoffman17@gmail.com,1 - January,email
11785,Charles,Hammond,CHammond96@gmail.com,1 - January,facebook
11787,Nicholas,Webb,NWebb97@gmail.com,3 - March,facebook
11832,Gregory,Ford,GFord92@gmail.com,1 - January,facebook
11845,Lauren,Hammond,LHammond25@gmail.com,1 - January,email
11857,Frances,Joyce,FJoyce54@gmail.com,3 - March,twitter
11861,Adam,Lambert,ALambert78@gmail.com,1 - January,google
11901,Linda,Warren,LWarren95@gmail.com,3 - March,facebook
11908,Alice,Townsend,ATownsend88@gmail.com,3 - March,facebook
11958,Ethan,Haney,EHaney71@gmail.com,3 - March,yahoo
11999,Sandra,Chandler,SChandler66@gmail.com,1 - January,google
12011,Linda,Payne,LPayne53@gmail.com,3 - March,yahoo
12043,Brenda,Hoffman,BHoffman28@gmail.com,1 - January,google
12049,Pamela,Wilkerson,PWilkerson14@gmail.com,3 - March,twitter
12050,Jesse,Ford,JFord9@gmail.com,1 - January,email
12136,Gregory,Strickland,GStrickland39@gmail.com,1 - January,yahoo
12148,Helen,Stephenson,HStephenson20@gmail.com,1 - January,facebook
12153,Stephanie,Bass,SBass14@gmail.com,2 - February,facebook
12174,Brenda,Hines,BHines35@gmail.com,1 - January,twitter
12248,Dennis,Chandler,DChandler61@gmail.com,3 - March,yahoo
12256,Teresa,Joyce,TJoyce48@gmail.com,3 - March,twitter
12277,Brandon,Schultz,BSchultz40@gmail.com,3 - March,facebook
12376,Paul,Booker,PBooker46@gmail.com,3 - March,facebook
12470,Jeffrey,Caldwell,JCaldwell57@gmail.com,1 - January,facebook
12559,Jeffrey,Schultz,JSchultz62@gmail.com,2 - February,google
12674,Stephanie,Stephenson,SStephenson76@gmail.com,1 - January,facebook
12711,Gerald,Strickland,GStrickland96@gmail.com,3 - March,facebook
12716,Ethan,Peters,EPeters29@gmail.com,2 - February,facebook
12719,Carolyn,Mcpherson,CMcpherson74@gmail.com,1 - January,twitter
12762,Lawrence,Salas,LSalas5@gmail.com,3 - March,twitter
12767,Jeffrey,Ochoa,JOchoa91@gmail.com,2 - February,facebook
12772,Adam,Payne,APayne45@gmail.com,2 - February,twitter
12813,Louis,Key,LKey43@gmail.com,3 - March,facebook
12850,Sarah,Tillman,STillman59@gmail.com,2 - February,twitter
12853,Helen,Booker,HBooker1@gmail.com,3 - March,google
12872,Logan,Santana,LSantana22@gmail.com,1 - January,twitter
12898,David,Diaz,DDiaz72@gmail.com,2 - February,yahoo
12900,Scott,Aguilar,SAguilar37@gmail.com,1 - January,twitter
12913,Elizabeth,Stephenson,EStephenson35@gmail.com,1 - January,google
12942,Jesse,Hoffman,JHoffman17@gmail.com,2 - February,facebook
12960,Alice,Aguilar,AAguilar87@gmail.com,3 - March,yahoo
13019,Gregory,Santana,GSantana98@gmail.com,1 - January,yahoo
13104,Logan,Caldwell,LCaldwell62@gmail.com,2 - February,yahoo
13124,Stephanie,Ford,SFord50@gmail.com,2 - February,facebook
13238,Gregory,Wells,GWells66@gmail.com,3 - March,google
13265,Scott,Walls,SWalls76@gmail.com,3 - March,yahoo
13313,Bruce,Peters,BPeters11@gmail.com,2 - February,yahoo
13336,Lawrence,Jacobson,LJacobson38@gmail.com,1 - January,google
13360,Elizabeth,Koch,EKoch81@gmail.com,3 - March,facebook
13378,Dennis,Ford,DFord37@gmail.com,3 - March,google
13390,Benjamin,Stanley,BStanley87@gmail.com,3 - March,google
13404,Brenda,Hammond,BHammond43@gmail.com,2 - February,facebook
13515,Frances,Haney,FHaney27@gmail.com,2 - February,google
13517,Louis,Payne,LPayne34@gmail.com,1 - January,twitter
13689,Logan,Hoffman,LHoffman17@gmail.com,3 - March,facebook
13718,Benjamin,Hoffman,BHoffman83@gmail.com,3 - March,facebook
13719,Linda,Walls,LWalls33@gmail.com,2 - February,twitter
13816,Scott,Townsend,STownsend43@gmail.com,3 - March,yahoo
13862,David,Mcpherson,DMcpherson29@gmail.com,1 - January,yahoo
13869,Linda,Herrera,LHerrera30@gmail.com,1 - January,facebook
13945,Dennis,Strickland,DStrickland74@gmail.com,3 - March,facebook
14083,Charles,Wells,CWells6@gmail.com,1 - January,facebook
14087,Jesse,Warren,JWarren90@gmail.com,2 - February,twitter
14131,Teresa,Preston,TPreston45@gmail.com,1 - January,twitter
14170,Denise,Caldwell,DCaldwell85@gmail.com,2 - February,twitter
14205,Megan,Preston,MPreston69@gmail.com,2 - February,google
14207,Lauren,Joyce,LJoyce35@gmail.com,1 - January,yahoo
14221,Adam,Payne,APayne43@gmail.com,2 - February,yahoo
14224,Zachary,Koch,ZKoch35@gmail.com,3 - March,facebook
14236,Grace,Peters,GPeters67@gmail.com,3 - March,yahoo
14242,Jesse,Mcpherson,JMcpherson11@gmail.com,3 - March,google
14288,Stephanie,Wells,SWells28@gmail.com,2 - February,yahoo
14370,Jeffrey,Preston,JPreston89@gmail.com,1 - January,facebook
14379,Daniel,Webb,DWebb41@gmail.com,1 - January,facebook
14424,Megan,Booker,MBooker76@gmail.com,2 - February,twitter
14485,Adam,Payne,APayne53@gmail.com,1 - January,facebook
14514,Grace,Middleton,GMiddleton28@gmail.com,2 - February,email
14546,Frances,Preston,FPreston45@gmail.com,1 - January,google
14551,Megan,Meadows,MMeadows67@gmail.com,3 - March,twitter
14634,Paul,Bass,PBass54@gmail.com,2 - February,twitter
14666,Teresa,Santana,TSantana29@gmail.com,2 - February,google
14678,Brandon,Stephenson,BStephenson14@gmail.com,1 - January,email
14685,Carolyn,Strickland,CStrickland19@gmail.com,2 - February,email
14719,Joyce,Stanley,JStanley75@gmail.com,2 - February,facebook
14850,Paul,Stephenson,PStephenson82@gmail.com,3 - March,facebook
14888,Scott,Peters,SPeters23@gmail.com,3 - March,email
14897,Jeffrey,Booker,JBooker99@gmail.com,2 - February,email
14901,Ralph,Townsend,RTownsend12@gmail.com,2 - February,email
14910,Louis,Haney,LHaney73@gmail.com,2 - February,yahoo
14959,Frances,Caldwell,FCaldwell35@gmail.com,1 - January,facebook
15103,Gerald,Key,GKey39@gmail.com,3 - March,yahoo
15167,Marie,Diaz,MDiaz5@gmail.com,2 - February,twitter
15170,Daniel,Wells,DWells87@gmail.com,1 - January,twitter
15171,Ralph,Strickland,RStrickland70@gmail.com,2 - February,email
15179,Sandra,Koch,SKoch25@gmail.com,3 - March,yahoo
15191,Gregory,Peters,GPeters83@gmail.com,3 - March,twitter
15209,Pamela,Middleton,PMiddleton25@gmail.com,1 - January,yahoo
15225,Paul,Diaz,PDiaz59@gmail.com,2 - February,google
15229,Paul,Ford,PFord88@gmail.com,1 - January,facebook
15344,Jesse,Chandler,JChandler20@gmail.com,3 - March,facebook
15359,Louis,Key,LKey85@gmail.com,3 - March,facebook
15376,Sarah,Meadows,SMeadows84@gmail.com,1 - January,twitter
15379,Logan,Townsend,LTownsend25@gmail.com,3 - March,yahoo
15380,Frances,Santana,FSantana99@gmail.com,3 - March,twitter
15460,Jeffrey,Aguilar,JAguilar96@gmail.com,3 - March,facebook
15492,Lauren,Haney,LHaney66@gmail.com,2 - February,yahoo
15496,Adam,Ford,AFord56@gmail.com,2 - February,google
15500,Nicholas,Diaz,NDiaz25@gmail.com,1 - January,facebook
15504,Logan,Stephenson,LStephenson89@gmail.com,2 - February,facebook
15508,Adam,Prince,APrince66@gmail.com,2 - February,yahoo
15530,Teresa,Stanley,TStanley1@gmail.com,2 - February,twitter
15559,Jesse,Hammond,JHammond69@gmail.com,2 - February,twitter
15611,Helen,Lambert,HLambert28@gmail.com,3 - March,twitter
15699,Donald,Herrera,DHerrera8@gmail.com,1 - January,yahoo
15747,Daniel,Townsend,DTownsend42@gmail.com,2 - February,yahoo
15788,Adam,Jacobson,AJacobson36@gmail.com,3 - March,yahoo
15836,Gerald,Middleton,GMiddleton38@gmail.com,1 - January,yahoo
15861,Joyce,Aguilar,JAguilar59@gmail.com,3 - March,yahoo
15863,Jesse,Hoffman,JHoffman25@gmail.com,1 - January,yahoo
15896,Teresa,Webb,TWebb44@gmail.com,2 - February,google
15928,Jeffrey,Ford,JFord89@gmail.com,1 - January,facebook
15929,Karen,Schultz,KSchultz58@gmail.com,3 - March,twitter
15930,Helen,Key,HKey73@gmail.com,2 - February,facebook
15936,Elizabeth,Schultz,ESchultz90@gmail.com,1 - January,yahoo
15946,Ethan,Prince,EPrince23@gmail.com,2 - February,facebook
15965,William,Chandler,WChandler38@gmail.com,3 - March,facebook
16094,Ronald,Wilkerson,RWilkerson16@gmail.com,3 - March,google
16133,Olivia,Peters,OPeters16@gmail.com,1 - January,facebook
16145,Paul,Caldwell,PCaldwell68@gmail.com,1 - January,google
16155,Olivia,Peters,OPeters69@gmail.com,2 - February,email
16169,Helen,Haney,HHaney90@gmail.com,3 - March,google
16202,Ethan,Schultz,ESchultz37@gmail.com,2 - February,facebook
16265,Lawrence,Mclean,LMclean35@gmail.com,1 - January,facebook
16286,Frances,Aguilar,FAguilar84@gmail.com,3 - March,email
16291,Marie,Bass,MBass34@gmail.com,1 - January,twitter
16293,Samantha,Hines,SHines2@gmail.com,1 - January,email
16295,Gregory,Key,GKey66@gmail.com,2 - February,google
16366,David,Warren,DWarren75@gmail.com,2 - February,google
16376,Marie,Osborne,MOsborne28@gmail.com,1 - January,twitter
16385,Donald,Wilkerson,DWilkerson16@gmail.com,3 - March,google
16426,Gerald,Peters,GPeters23@gmail.com,1 - January,facebook
16428,Diana,Jacobson,DJacobson37@gmail.com,3 - March,facebook
16613,Gerald,Caldwell,GCaldwell7@gmail.com,1 - January,google
16621,Grace,Joyce,GJoyce58@gmail.com,3 - March,google
16629,Alice,Prince,APrince17@gmail.com,3 - March,facebook
16653,Frances,Hammond,FHammond29@gmail.com,2 - February,email
16658,Benjamin,Warren,BWarren36@gmail.com,1 - January,facebook
16665,Ralph,Tillman,RTillman85@gmail.com,1 - January,yahoo
16678,Jeffrey,Peters,JPeters68@gmail.com,1 - January,twitter
16683,Elizabeth,Jacobson,EJacobson77@gmail.com,1 - January,google
16695,Lauren,Bass,LBass26@gmail.com,2 - February,google
16758,Melissa,Caldwell,MCaldwell47@gmail.com,2 - February,email
16760,Denise,Warren,DWarren17@gmail.com,3 - March,google
16840,Adam,Santana,ASantana57@gmail.com,2 - February,google
16949,Stephanie,Ford,SFord67@gmail.com,1 - January,twitter
16955,Samantha,Lambert,SLambert20@gmail.com,3 - March,yahoo
16963,Louis,Chandler,LChandler46@gmail.com,1 - January,facebook
16967,Sarah,Mcpherson,SMcpherson48@gmail.com,1 - January,twitter
16972,Teresa,Haney,THaney1@gmail.com,2 - February,twitter
16990,Jeffrey,Osborne,JOsborne23@gmail.com,1 - January,google
17044,Benjamin,Warren,BWarren44@gmail.com,3 - March,facebook
17086,Ethan,Strickland,EStrickland26@gmail.com,2 - February,yahoo
17100,Grace,Aguilar,GAguilar8@gmail.com,2 - February,facebook
17122,Elizabeth,Payne,EPayne28@gmail.com,3 - March,google
17128,Carolyn,Chandler,CChandler60@gmail.com,2 - February,email
17143,Nicholas,Bass,NBass36@gmail.com,1 - January,google
17166,Stephanie,Prince,SPrince33@gmail.com,2 - February,facebook
17263,Melissa,Hammond,MHammond20@gmail.com,1 - January,facebook
17279,Adam,Bass,ABass71@gmail.com,3 - March,google
17323,Pamela,Mcpherson,PMcpherson81@gmail.com,2 - February,email
17328,Carolyn,Stanley,CStanley74@gmail.com,3 - March,yahoo
17342,Gregory,Haney,GHaney73@gmail.com,3 - March,facebook
17367,Megan,Herrera,MHerrera9@gmail.com,1 - January,google
17441,Diana,Joyce,DJoyce85@gmail.com,1 - January,facebook
17455,Karen,Key,KKey17@gmail.com,2 - February,facebook
17518,Karen,Joyce,KJoyce47@gmail.com,2 - February,twitter
17536,Paul,Koch,PKoch79@gmail.com,2 - February,facebook
17665,Logan,Middleton,LMiddleton8@gmail.com,3 - March,email
17678,Logan,Ochoa,LOchoa36@gmail.com,3 - March,google
17770,Olivia,Strickland,OStrickland90@gmail.com,3 - March,facebook
17808,Paul,Wells,PWells18@gmail.com,1 - January,facebook
17810,Adam,Walls,AWalls68@gmail.com,1 - January,google
17836,Daniel,Joyce,DJoyce93@gmail.com,3 - March,facebook
17848,Louis,Lambert,LLambert44@gmail.com,3 - March,twitter
17849,Bruce,Santana,BSantana28@gmail.com,2 - February,facebook
17850,Ethan,Mcpherson,EMcpherson12@gmail.com,1 - January,facebook
17869,Joyce,Booker,JBooker61@gmail.com,3 - March,email
17917,Sandra,Warren,SWarren11@gmail.com,3 - March,yahoo
17923,Sandra,Tillman,STillman62@gmail.com,2 - February,email
17925,Helen,Santana,HSantana37@gmail.com,2 - February,google
17936,Helen,Mcpherson,HMcpherson25@gmail.com,3 - March,yahoo
17938,Adam,Townsend,ATownsend68@gmail.com,3 - March,facebook
17970,Jean,Booker,JBooker33@gmail.com,1 - January,yahoo
18030,Sarah,Hines,SHines65@gmail.com,1 - January,facebook
18056,Helen,Hoffman,HHoffman85@gmail.com,3 - March,facebook
18079,Ethan,Aguilar,EAguilar11@gmail.com,3 - March,yahoo
18177,Jeffrey,Caldwell,JCaldwell43@gmail.com,3 - March,facebook
18200,Denise,Aguilar,DAguilar69@gmail.com,1 - January,facebook
18231,Brandon,Peters,BPeters60@gmail.com,3 - March,twitter
18232,Melissa,Jacobson,MJacobson77@gmail.com,2 - February,twitter
18258,Ralph,Mcpherson,RMcpherson91@gmail.com,1 - January,google
18286,Melissa,Mcpherson,MMcpherson19@gmail.com,3 - March,facebook
18292,Charles,Warren,CWarren36@gmail.com,2 - February,google
18300,Pamela,Joyce,PJoyce28@gmail.com,3 - March,yahoo
18302,Frances,Middleton,FMiddleton50@gmail.com,1 - January,twitter
18330,Brandon,Diaz,BDiaz47@gmail.com,2 - February,facebook
18333,Zachary,Wells,ZWells86@gmail.com,2 - February,email
18345,Adam,Hammond,AHammond39@gmail.com,1 - January,facebook
18371,Donald,Meadows,DMeadows81@gmail.com,1 - January,google
18394,Sarah,Hines,SHines34@gmail.com,3 - March,facebook
18423,Alice,Webb,AWebb75@gmail.com,1 - January,google
18444,Ronald,Ford,RFord53@gmail.com,1 - January,facebook
18450,Samantha,Diaz,SDiaz17@gmail.com,1 - January,yahoo
18513,Samantha,Santana,SSantana19@gmail.com,3 - March,email
18564,Helen,Jacobson,HJacobson10@gmail.com,2 - February,twitter
18566,Logan,Strickland,LStrickland96@gmail.com,1 - January,facebook
18593,Carolyn,Warren,CWarren87@gmail.com,1 - January,yahoo
18601,Samantha,Walls,SWalls12@gmail.com,1 - January,yahoo
18658,William,Hoffman,WHoffman33@gmail.com,2 - February,yahoo
18680,Charles,Hoffman,CHoffman34@gmail.com,3 - March,yahoo
18745,Diana,Wells,DWells75@gmail.com,2 - February,google
18769,Lauren,Stephenson,LStephenson78@gmail.com,1 - January,facebook
18773,Karen,Ochoa,KOchoa34@gmail.com,3 - March,twitter
18800,Louis,Payne,LPayne78@gmail.com,3 - March,google
18834,Nicholas,Mclean,NMclean10@gmail.com,2 - February,facebook
18885,Paul,Booker,PBooker14@gmail.com,3 - March,email
18891,Marie,Haney,MHaney65@gmail.com,2 - February,twitter
18906,Louis,Peters,LPeters13@gmail.com,2 - February,twitter
18908,Jean,Payne,JPayne2@gmail.com,1 - January,google
18913,Stephanie,Preston,SPreston47@gmail.com,3 - March,google
18993,Benjamin,Chandler,BChandler37@gmail.com,3 - March,google
19012,Jeffrey,Ford,JFord17@gmail.com,3 - March,facebook
19046,Brandon,Hoffman,BHoffman37@gmail.com,2 - February,twitter
19103,Brandon,Aguilar,BAguilar54@gmail.com,3 - March,facebook
19119,Teresa,Joyce,TJoyce70@gmail.com,1 - January,google
19123,Diana,Aguilar,DAguilar88@gmail.com,3 - March,yahoo
19150,Olivia,Peters,OPeters44@gmail.com,3 - March,google
19222,Zachary,Booker,ZBooker92@gmail.com,2 - February,twitter
19295,Ethan,Strickland,EStrickland66@gmail.com,1 - January,twitter
19351,Benjamin,Herrera,BHerrera44@gmail.com,1 - January,facebook
19395,Sandra,Osborne,SOsborne18@gmail.com,1 - January,twitter
19441,Nicholas,Payne,NPayne63@gmail.com,2 - February,google
19443,Donald,Lambert,DLambert49@gmail.com,3 - March,yahoo
19464,Stephanie,Haney,SHaney31@gmail.com,3 - March,facebook
19516,Gerald,Chandler,GChandler57@gmail.com,3 - March,facebook
19539,Samantha,Wilkerson,SWilkerson93@gmail.com,3 - March,facebook
19552,Sarah,Wells,SWells78@gmail.com,2 - February,email
19567,Bruce,Wilkerson,BWilkerson9@gmail.com,1 - January,facebook
19570,Adam,Santana,ASantana68@gmail.com,3 - March,yahoo
19575,Gerald,Chandler,GChandler8@gmail.com,1 - January,yahoo
19593,Ronald,Walls,RWalls49@gmail.com,2 - February,google
19600,William,Hines,WHines33@gmail.com,2 - February,google
19689,Bruce,Stephenson,BStephenson74@gmail.com,2 - February,facebook
19751,Gregory,Wells,GWells10@gmail.com,2 - February,twitter
19807,Brandon,Booker,BBooker44@gmail.com,2 - February,google
19814,Pamela,Tillman,PTillman44@gmail.com,1 - January,google
19830,Ethan,Meadows,EMeadows81@gmail.com,3 - March,email
19882,Bruce,Santana,BSantana81@gmail.com,1 - January,google
19924,Ronald,Walls,RWalls36@gmail.com,3 - March,twitter
19963,Alice,Salas,ASalas99@gmail.com,2 - February,google
20011,Donald,Middleton,DMiddleton27@gmail.com,2 - February,twitter
20019,Dennis,Stephenson,DStephenson78@gmail.com,1 - January,yahoo
20031,Carolyn,Aguilar,CAguilar65@gmail.com,3 - March,facebook
20069,Megan,Townsend,MTownsend99@gmail.com,2 - February,twitter
20070,Jesse,Jacobson,JJacobson87@gmail.com,1 - January,facebook
20082,Dennis,Booker,DBooker32@gmail.com,3 - March,google
20127,Lawrence,Stanley,LStanley18@gmail.com,2 - February,email
20133,Richard,Meadows,RMeadows65@gmail.com,3 - March,twitter
20139,Diana,Caldwell,DCaldwell22@gmail.com,3 - March,facebook
20198,Jesse,Schultz,JSchultz41@gmail.com,1 - January,yahoo
20215,Adam,Wilkerson,AWilkerson29@gmail.com,2 - February,google
20279,Megan,Schultz,MSchultz7@gmail.com,1 - January,facebook
20286,Ralph,Key,RKey99@gmail.com,2 - February,yahoo
20308,Helen,Haney,HHaney96@gmail.com,2 - February,facebook
20322,Benjamin,Jacobson,BJacobson9@gmail.com,3 - March,google
20345,Elizabeth,Salas,ESalas24@gmail.com,2 - February,facebook
20350,Sandra,Caldwell,SCaldwell80@gmail.com,3 - March,google
20405,William,Strickland,WStrickland48@gmail.com,2 - February,facebook
20487,Dennis,Joyce,DJoyce49@gmail.com,1 - January,google
20494,Lauren,Osborne,LOsborne40@gmail.com,2 - February,twitter
20500,Scott,Bass,SBass77@gmail.com,1 - January,yahoo
20527,Alice,Middleton,AMiddleton49@gmail.com,3 - March,twitter
20543,Diana,Hoffman,DHoffman56@gmail.com,3 - March,twitter
20563,David,Stephenson,DStephenson17@gmail.com,1 - January,email
20567,Logan,Wells,LWells66@gmail.com,3 - March,facebook
20665,Paul,Warren,PWarren61@gmail.com,3 - March,yahoo
20673,Gerald,Warren,GWarren90@gmail.com,1 - January,facebook
20745,Zachary,Wilkerson,ZWilkerson73@gmail.com,2 - February,yahoo
20803,Dennis,Herrera,DHerrera7@gmail.com,2 - February,facebook
20852,Paul,Chandler,PChandler32@gmail.com,2 - February,twitter
20888,Paul,Salas,PSalas64@gmail.com,1 - January,yahoo
20911,Gerald,Booker,GBooker80@gmail.com,1 - January,twitter
20914,Paul,Ochoa,POchoa46@gmail.com,1 - January,yahoo
21013,Daniel,Diaz,DDiaz67@gmail.com,2 - February,google
21015,Logan,Wilkerson,LWilkerson34@gmail.com,3 - March,email
21062,Ethan,Salas,ESalas20@gmail.com,3 - March,twitter
21101,Linda,Chandler,LChandler32@gmail.com,2 - February,facebook
21112,Alice,Preston,APreston52@gmail.com,3 - March,facebook
21115,Nicholas,Salas,NSalas20@gmail.com,1 - January,google
21130,Karen,Bass,KBass65@gmail.com,3 - March,twitter
21141,Melissa,Payne,MPayne51@gmail.com,2 - February,google
21157,Marie,Ford,MFord96@gmail.com,3 - March,twitter
21221,Jesse,Peters,JPeters63@gmail.com,2 - February,facebook
21253,Melissa,Payne,MPayne45@gmail.com,1 - January,google
21327,Karen,Herrera,KHerrera19@gmail.com,2 - February,google
21380,Brandon,Booker,BBooker70@gmail.com,1 - January,facebook
21401,Sarah,Lambert,SLambert31@gmail.com,1 - January,twitter
21425,Teresa,Aguilar,TAguilar59@gmail.com,1 - January,yahoo
21452,Megan,Joyce,MJoyce25@gmail.com,2 - February,twitter
21485,Daniel,Salas,DSalas62@gmail.com,1 - January,email
21491,Brandon,Salas,BSalas91@gmail.com,1 - January,twitter
21535,Sarah,Prince,SPrince42@gmail.com,2 - February,twitter
21539,Adam,Tillman,ATillman56@gmail.com,2 - February,google
21551,Elizabeth,Aguilar,EAguilar32@gmail.com,2 - February,google
21555,Melissa,Ochoa,MOchoa24@gmail.com,3 - March,facebook
21590,Carolyn,Strickland,CStrickland79@gmail.com,3 - March,yahoo
21627,Gregory,Ford,GFord1@gmail.com,2 - February,google
21629,Jean,Mclean,JMclean58@gmail.com,1 - January,facebook
21648,Gerald,Meadows,GMeadows45@gmail.com,3 - March,facebook
21665,Melissa,Meadows,MMeadows86@gmail.com,2 - February,yahoo
21689,Marie,Wilkerson,MWilkerson96@gmail.com,3 - March,google
21690,Bruce,Ford,BFord21@gmail.com,2 - February,google
21728,Jesse,Herrera,JHerrera64@gmail.com,1 - January,twitter
21745,Ralph,Walls,RWalls84@gmail.com,2 - February,twitter
21802,Helen,Santana,HSantana59@gmail.com,3 - March,facebook
21807,Richard,Warren,RWarren38@gmail.com,3 - March,facebook
21813,Daniel,Preston,DPreston96@gmail.com,2 - February,facebook
21814,Ronald,Ochoa,ROchoa10@gmail.com,3 - March,yahoo
21835,Sandra,Salas,SSalas65@gmail.com,2 - February,google
21892,Bruce,Stephenson,BStephenson86@gmail.com,1 - January,twitter
21919,Megan,Diaz,MDiaz8@gmail.com,2 - February,google
21939,Ethan,Stephenson,EStephenson77@gmail.com,2 - February,email
21995,Louis,Haney,LHaney57@gmail.com,2 - February,facebook
22050,William,Salas,WSalas85@gmail.com,3 - March,facebook
22091,William,Warren,WWarren17@gmail.com,2 - February,google
22166,Megan,Chandler,MChandler40@gmail.com,2 - February,twitter
22183,Dennis,Mclean,DMclean24@gmail.com,1 - January,google
22202,Helen,Santana,HSantana96@gmail.com,1 - January,yahoo
22203,Alice,Salas,ASalas79@gmail.com,3 - March,twitter
22208,Linda,Walls,LWalls82@gmail.com,3 - March,facebook
22224,Carolyn,Prince,CPrince22@gmail.com,2 - February,google
22227,Jean,Stanley,JStanley28@gmail.com,3 - March,twitter
22237,Benjamin,Salas,BSalas85@gmail.com,2 - February,facebook
22245,Megan,Herrera,MHerrera76@gmail.com,3 - March,facebook
22280,Joyce,Stanley,JStanley65@gmail.com,2 - February,google
22358,Nicholas,Walls,NWalls46@gmail.com,1 - January,facebook
22384,Brenda,Meadows,BMeadows33@gmail.com,2 - February,google
22451,Carolyn,Hoffman,CHoffman2@gmail.com,3 - March,twitter
22472,Donald,Mclean,DMclean41@gmail.com,3 - March,facebook
22499,Diana,Haney,DHaney5@gmail.com,3 - March,google
22502,Scott,Strickland,SStrickland62@gmail.com,1 - January,facebook
22527,Megan,Strickland,MStrickland82@gmail.com,3 - March,email
22539,Ronald,Diaz,RDiaz75@gmail.com,1 - January,yahoo
22560,Sandra,Peters,SPeters30@gmail.com,3 - March,yahoo
22589,Paul,Stephenson,PStephenson23@gmail.com,3 - March,facebook
22609,Joyce,Hoffman,JHoffman18@gmail.com,3 - March,facebook
22635,Brandon,Jacobson,BJacobson96@gmail.com,3 - March,google
22652,Richard,Lambert,RLambert97@gmail.com,3 - March,google
22661,Frances,Herrera,FHerrera93@gmail.com,1 - January,google
22704,Frances,Warren,FWarren46@gmail.com,2 - February,google
22844,Sarah,Jacobson,SJacobson31@gmail.com,1 - January,twitter
22955,Alice,Santana,ASantana9@gmail.com,1 - January,yahoo
22987,Jean,Mclean,JMclean19@gmail.com,1 - January,facebook
23005,Benjamin,Aguilar,BAguilar12@gmail.com,2 - February,twitter
23006,Carolyn,Ford,CFord81@gmail.com,1 - January,twitter
23055,Adam,Key,AKey9@gmail.com,2 - February,email
23106,Marie,Mclean,MMclean58@gmail.com,2 - February,facebook
23115,Paul,Wells,PWells40@gmail.com,3 - March,google
23134,Scott,Schultz,SSchultz40@gmail.com,1 - January,google
23143,Joyce,Santana,JSantana52@gmail.com,3 - March,yahoo
23159,Charles,Booker,CBooker65@gmail.com,1 - January,google
23164,Helen,Hoffman,HHoffman40@gmail.com,3 - March,google
23166,Linda,Caldwell,LCaldwell38@gmail.com,2 - February,twitter
23168,Adam,Lambert,ALambert76@gmail.com,3 - March,facebook
23173,Sarah,Herrera,SHerrera89@gmail.com,1 - January,email
23205,Lauren,Wells,LWells79@gmail.com,3 - March,facebook
23213,Louis,Key,LKey35@gmail.com,3 - March,email
23237,Adam,Hoffman,AHoffman56@gmail.com,1 - January,facebook
23256,Megan,Middleton,MMiddleton95@gmail.com,3 - March,email
23272,Alice,Ford,AFord25@gmail.com,2 - February,google
23282,Elizabeth,Jacobson,EJacobson26@gmail.com,1 - January,google
23305,Jesse,Chandler,JChandler84@gmail.com,3 - March,facebook
23332,Adam,Herrera,AHerrera9@gmail.com,2 - February,facebook
23352,David,Hoffman,DHoffman65@gmail.com,1 - January,twitter
23424,Joyce,Payne,JPayne65@gmail.com,1 - January,facebook
23425,Gerald,Preston,GPreston48@gmail.com,3 - March,facebook
23434,Grace,Middleton,GMiddleton12@gmail.com,2 - February,email
23487,Denise,Lambert,DLambert30@gmail.com,3 - March,email
23508,Stephanie,Santana,SSantana79@gmail.com,1 - January,yahoo
23588,Teresa,Tillman,TTillman70@gmail.com,1 - January,google
23614,Ronald,Webb,RWebb61@gmail.com,1 - January,twitter
23683,Karen,Wells,KWells78@gmail.com,3 - March,facebook
23701,Alice,Ford,AFord76@gmail.com,3 - March,google
23751,Megan,Tillman,MTillman16@gmail.com,1 - January,yahoo
23792,Lauren,Hammond,LHammond75@gmail.com,1 - January,yahoo
23845,Denise,Aguilar,DAguilar37@gmail.com,3 - March,yahoo
23902,Lauren,Payne,LPayne4@gmail.com,1 - January,yahoo
23938,Pamela,Mclean,PMclean91@gmail.com,1 - January,facebook
23950,Brenda,Ochoa,BOchoa45@gmail.com,3 - March,facebook
23954,David,Bass,DBass65@gmail.com,1 - January,yahoo
23970,Ethan,Warren,EWarren84@gmail.com,2 - February,facebook
23979,Jesse,Caldwell,JCaldwell74@gmail.com,2 - February,facebook
23983,Melissa,Ochoa,MOchoa87@gmail.com,3 - March,google
24031,Alice,Salas,ASalas13@gmail.com,3 - March,google
24040,Jesse,Osborne,JOsborne33@gmail.com,3 - March,twitter
24046,Louis,Schultz,LSchultz93@gmail.com,1 - January,facebook
24076,Adam,Jacobson,AJacobson30@gmail.com,1 - January,google
24114,Lauren,Preston,LPreston72@gmail.com,2 - February,twitter
24131,Nicholas,Santana,NSantana76@gmail.com,1 - January,facebook
24146,Olivia,Middleton,OMiddleton58@gmail.com,3 - March,yahoo
24184,Paul,Chandler,PChandler48@gmail.com,1 - January,facebook
24230,Bruce,Townsend,BTownsend67@gmail.com,3 - March,google
24264,Scott,Salas,SSalas11@gmail.com,3 - March,yahoo
24302,Benjamin,Hines,BHines94@gmail.com,1 - January,yahoo
24314,David,Caldwell,DCaldwell93@gmail.com,3 - March,facebook
24322,Jesse,Townsend,JTownsend25@gmail.com,2 - February,facebook
24371,Ethan,Herrera,EHerrera88@gmail.com,2 - February,email
24375,Grace,Payne,GPayne10@gmail.com,1 - January,google
24478,Gerald,Hammond,GHammond85@gmail.com,1 - January,yahoo
24500,Denise,Osborne,DOsborne23@gmail.com,3 - March,twitter
24519,Stephanie,Koch,SKoch53@gmail.com,1 - January,facebook
24526,Charles,Prince,CPrince67@gmail.com,3 - March,twitter
24532,Logan,Stephenson,LStephenson34@gmail.com,2 - February,email
24538,Gregory,Wells,GWells10@gmail.com,2 - February,yahoo
24540,Brenda,Salas,BSalas16@gmail.com,1 - January,facebook
24541,Olivia,Meadows,OMeadows65@gmail.com,2 - February,google
24553,Brandon,Strickland,BStrickland96@gmail.com,1 - January,yahoo
24566,Melissa,Chandler,MChandler92@gmail.com,1 - January,yahoo
24643,Karen,Webb,KWebb62@gmail.com,3 - March,email
24662,Dennis,Haney,DHaney31@gmail.com,1 - January,yahoo
24664,Megan,Middleton,MMiddleton6@gmail.com,2 - February,google
24723,Pamela,Herrera,PHerrera66@gmail.com,3 - March,email
24728,Adam,Key,AKey32@gmail.com,3 - March,yahoo
24733,Teresa,Herrera,THerrera15@gmail.com,1 - January,yahoo
24749,Frances,Peters,FPeters55@gmail.com,2 - February,facebook
24790,Nicholas,Peters,NPeters79@gmail.com,3 - March,yahoo
24806,Lauren,Middleton,LMiddleton55@gmail.com,2 - February,facebook
24858,Frances,Payne,FPayne57@gmail.com,1 - January,email
24898,Nicholas,Warren,NWarren64@gmail.com,1 - January,yahoo
24920,Grace,Mclean,GMclean44@gmail.com,2 - February,google
24937,Zachary,Walls,ZWalls10@gmail.com,1 - January,facebook
24973,Bruce,Jacobson,BJacobson5@gmail.com,1 - January,google
24996,Lawrence,Chandler,LChandler93@gmail.com,3 - March,google
25045,Joyce,Webb,JWebb42@gmail.com,1 - January,email
25075,Donald,Prince,DPrince86@gmail.com,3 - March,facebook
25143,Diana,Peters,DPeters49@gmail.com,2 - February,facebook
25162,Brandon,Middleton,BMiddleton31@gmail.com,1 - January,facebook
25163,Daniel,Ochoa,DOchoa15@gmail.com,1 - January,twitter
25176,Zachary,Diaz,ZDiaz49@gmail.com,1 - January,facebook
25198,Diana,Diaz,DDiaz65@gmail.com,2 - February,google
25207,Teresa,Hoffman,THoffman57@gmail.com,2 - February,twitter
25216,Gerald,Herrera,GHerrera18@gmail.com,1 - January,yahoo
25293,Louis,Herrera,LHerrera84@gmail.com,2 - February,twitter
25376,Adam,Stephenson,AStephenson32@gmail.com,3 - March,twitter
25391,Elizabeth,Bass,EBass62@gmail.com,2 - February,yahoo
25429,Ethan,Aguilar,EAguilar58@gmail.com,1 - January,twitter
25448,Daniel,Haney,DHaney62@gmail.com,1 - January,facebook
25473,Ralph,Webb,RWebb43@gmail.com,3 - March,facebook
25517,Scott,Preston,SPreston19@gmail.com,3 - March,twitter
25559,Teresa,Webb,TWebb14@gmail.com,2 - February,email
25591,Elizabeth,Schultz,ESchultz85@gmail.com,2 - February,twitter
25601,Alice,Mclean,AMclean76@gmail.com,2 - February,facebook
25608,Adam,Stanley,AStanley58@gmail.com,3 - March,yahoo
25653,William,Diaz,WDiaz82@gmail.com,3 - March,facebook
25687,Ralph,Bass,RBass79@gmail.com,1 - January,google
25720,Sarah,Warren,SWarren64@gmail.com,1 - January,yahoo
25818,David,Stanley,DStanley63@gmail.com,1 - January,facebook
25832,Zachary,Booker,ZBooker98@gmail.com,2 - February,yahoo
25855,William,Townsend,WTownsend31@gmail.com,3 - March,google
25861,Bruce,Herrera,BHerrera12@gmail.com,2 - February,twitter
25869,Joyce,Hines,JHines88@gmail.com,1 - January,facebook
25917,Louis,Prince,LPrince9@gmail.com,3 - March,yahoo
25970,William,Prince,WPrince54@gmail.com,2 - February,twitter
26127,Nicholas,Strickland,NStrickland74@gmail.com,1 - January,facebook
26152,Nicholas,Koch,NKoch74@gmail.com,2 - February,google
26182,Olivia,Meadows,OMeadows62@gmail.com,2 - February,facebook
26187,Scott,Hammond,SHammond94@gmail.com,3 - March,google
26207,Paul,Ochoa,POchoa27@gmail.com,3 - March,facebook
26225,Diana,Ford,DFord76@gmail.com,3 - March,facebook
26236,Grace,Webb,GWebb31@gmail.com,2 - February,google
26241,William,Preston,WPreston71@gmail.com,2 - February,facebook
26254,Stephanie,Bass,SBass25@gmail.com,1 - January,facebook
26260,Marie,Prince,MPrince95@gmail.com,2 - February,facebook
26315,Jeffrey,Meadows,JMeadows21@gmail.com,1 - January,google
26341,Daniel,Ochoa,DOchoa98@gmail.com,1 - January,google
26343,Helen,Koch,HKoch79@gmail.com,1 - January,yahoo
26351,Sarah,Haney,SHaney74@gmail.com,3 - March,google
26366,Pamela,Tillman,PTillman59@gmail.com,1 - January,yahoo
26401,Adam,Ford,AFord52@gmail.com,2 - February,facebook
26414,Gerald,Preston,GPreston9@gmail.com,3 - March,yahoo
26483,Adam,Stephenson,AStephenson71@gmail.com,1 - January,google
26493,Richard,Santana,RSantana17@gmail.com,3 - March,facebook
26545,Karen,Prince,KPrince83@gmail.com,2 - February,google
26555,Gregory,Salas,GSalas76@gmail.com,1 - January,google
26558,Megan,Lambert,MLambert81@gmail.com,2 - February,google
26569,Adam,Hammond,AHammond22@gmail.com,1 - January,twitter
26591,Olivia,Mcpherson,OMcpherson62@gmail.com,1 - January,email
26697,Megan,Aguilar,MAguilar52@gmail.com,3 - March,yahoo
26701,Gerald,Warren,GWarren27@gmail.com,1 - January,twitter
26704,Nicholas,Haney,NHaney47@gmail.com,3 - March,yahoo
26728,Sandra,Middleton,SMiddleton4@gmail.com,3 - March,google
26735,Marie,Wilkerson,MWilkerson56@gmail.com,2 - February,twitter
26794,Dennis,Meadows,DMeadows61@gmail.com,1 - January,google
26841,Linda,Tillman,LTillman55@gmail.com,1 - January,facebook
26846,Carolyn,Aguilar,CAguilar32@gmail.com,1 - January,facebook
26906,Sarah,Wells,SWells66@gmail.com,3 - March,yahoo
26920,Scott,Townsend,STownsend21@gmail.com,2 - February,facebook
27001,Sandra,Meadows,SMeadows64@gmail.com,2 - February,twitter
27002,Diana,Joyce,DJoyce62@gmail.com,2 - February,twitter
27009,Scott,Hoffman,SHoffman26@gmail.com,1 - January,facebook
27038,Pamela,Booker,PBooker23@gmail.com,1 - January,yahoo
27111,Brenda,Schultz,BSchultz24@gmail.com,1 - January,yahoo
27112,Carolyn,Jacobson,CJacobson41@gmail.com,2 - February,twitter
27133,Samantha,Joyce,SJoyce48@gmail.com,3 - March,yahoo
27146,Ronald,Booker,RBooker21@gmail.com,3 - March,google
27157,Lauren,Wilkerson,LWilkerson7@gmail.com,3 - March,twitter
27172,Daniel,Diaz,DDiaz90@gmail.com,2 - February,email
27275,Louis,Schultz,LSchultz31@gmail.com,2 - February,email
27284,Louis,Mcpherson,LMcpherson88@gmail.com,3 - March,email
27324,Brandon,Bass,BBass30@gmail.com,2 - February,twitter
27367,Benjamin,Hines,BHines56@gmail.com,2 - February,google
27431,Lawrence,Schultz,LSchultz16@gmail.com,1 - January,google
27451,Lawrence,Payne,LPayne9@gmail.com,2 - February,email
27474,Megan,Schultz,MSchultz7@gmail.com,2 - February,facebook
27481,Gerald,Tillman,GTillman49@gmail.com,3 - March,email
27486,Nicholas,Schultz,NSchultz70@gmail.com,2 - February,twitter
27496,Bruce,Prince,BPrince83@gmail.com,2 - February,facebook
27501,Helen,Preston,HPreston37@gmail.com,3 - March,twitter
27512,Zachary,Tillman,ZTillman38@gmail.com,1 - January,email
27536,Alice,Jacobson,AJacobson46@gmail.com,3 - March,facebook
27589,Megan,Walls,MWalls35@gmail.com,1 - January,facebook
27607,Samantha,Jacobson,SJacobson24@gmail.com,2 - February,facebook
27677,Brandon,Chandler,BChandler26@gmail.com,2 - February,twitter
27709,Stephanie,Middleton,SMiddleton23@gmail.com,2 - February,google
27779,Ralph,Hammond,RHammond73@gmail.com,1 - January,facebook
27796,Benjamin,Strickland,BStrickland83@gmail.com,3 - March,yahoo
27813,Louis,Osborne,LOsborne59@gmail.com,2 - February,google
27865,Paul,Osborne,POsborne61@gmail.com,2 - February,twitter
27888,Lauren,Walls,LWalls63@gmail.com,2 - February,email
27947,Samantha,Hines,SHines49@gmail.com,1 - January,google
27987,Carolyn,Booker,CBooker38@gmail.com,1 - January,email
28000,Lauren,Ford,LFord98@gmail.com,1 - January,facebook
28012,Gregory,Salas,GSalas77@gmail.com,3 - March,facebook
28058,Melissa,Townsend,MTownsend57@gmail.com,3 - March,twitter
28061,Melissa,Payne,MPayne49@gmail.com,3 - March,twitter
28071,Karen,Diaz,KDiaz55@gmail.com,2 - February,yahoo
28163,Logan,Middleton,LMiddleton88@gmail.com,3 - March,yahoo
28169,Jean,Joyce,JJoyce24@gmail.com,3 - March,facebook
28181,Samantha,Ochoa,SOchoa24@gmail.com,1 - January,yahoo
28201,Bruce,Salas,BSalas16@gmail.com,3 - March,facebook
28202,Jesse,Jacobson,JJacobson4@gmail.com,2 - February,google
28208,Logan,Koch,LKoch97@gmail.com,1 - January,facebook
28258,Brenda,Walls,BWalls36@gmail.com,1 - January,facebook
28290,Adam,Mclean,AMclean7@gmail.com,3 - March,facebook
28304,Linda,Chandler,LChandler36@gmail.com,3 - March,facebook
28321,Lauren,Tillman,LTillman41@gmail.com,1 - January,yahoo
28322,Melissa,Koch,MKoch8@gmail.com,3 - March,yahoo
28329,Lawrence,Haney,LHaney51@gmail.com,1 - January,email
28340,Brenda,Mcpherson,BMcpherson3@gmail.com,3 - March,facebook
28350,Pamela,Townsend,PTownsend34@gmail.com,3 - March,twitter
28385,Melissa,Peters,MPeters55@gmail.com,2 - February,google
28423,Jesse,Lambert,JLambert74@gmail.com,3 - March,yahoo
28526,Stephanie,Webb,SWebb49@gmail.com,2 - February,twitter
28541,Paul,Walls,PWalls51@gmail.com,1 - January,email
28577,Karen,Mcpherson,KMcpherson52@gmail.com,1 - January,yahoo
28607,Nicholas,Prince,NPrince90@gmail.com,2 - February,twitter
28623,Adam,Caldwell,ACaldwell54@gmail.com,3 - March,yahoo
28639,Carolyn,Townsend,CTownsend12@gmail.com,2 - February,facebook
28643,Brenda,Diaz,BDiaz12@gmail.com,3 - March,facebook
28660,Dennis,Middleton,DMiddleton22@gmail.com,3 - March,google
28664,Daniel,Diaz,DDiaz25@gmail.com,2 - February,yahoo
28695,Ronald,Salas,RSalas2@gmail.com,3 - March,email
28696,Linda,Townsend,LTownsend56@gmail.com,2 - February,email
28728,Elizabeth,Chandler,EChandler57@gmail.com,2 - February,yahoo
28753,Bruce,Preston,BPreston78@gmail.com,3 - March,facebook
28786,Charles,Stephenson,CStephenson1@gmail.com,1 - January,yahoo
28790,David,Preston,DPreston8@gmail.com,1 - January,email
28827,Joyce,Haney,JHaney61@gmail.com,3 - March,google
28844,Ronald,Webb,RWebb82@gmail.com,3 - March,yahoo
28924,Ethan,Lambert,ELambert48@gmail.com,1 - January,google
28931,Adam,Townsend,ATownsend25@gmail.com,2 - February,twitter
28953,Scott,Key,SKey54@gmail.com,1 - January,twitter
28958,Ronald,Jacobson,RJacobson56@gmail.com,3 - March,facebook
28961,Benjamin,Preston,BPreston17@gmail.com,1 - January,google
28985,Charles,Mclean,CMclean54@gmail.com,2 - February,google
29012,Diana,Mclean,DMclean70@gmail.com,2 - February,twitter
29025,Lawrence,Meadows,LMeadows21@gmail.com,1 - January,google
29048,William,Key,WKey26@gmail.com,1 - January,yahoo
29054,Nicholas,Meadows,NMeadows78@gmail.com,1 - January,yahoo
29075,Ronald,Aguilar,RAguilar38@gmail.com,2 - February,facebook
29079,Ralph,Hoffman,RHoffman48@gmail.com,1 - January,facebook
29082,Ralph,Koch,RKoch92@gmail.com,3 - March,yahoo
29125,Joyce,Caldwell,JCaldwell46@gmail.com,1 - January,twitter
29126,Bruce,Booker,BBooker71@gmail.com,3 - March,google
29234,Diana,Aguilar,DAguilar49@gmail.com,2 - February,twitter
29315,Donald,Prince,DPrince78@gmail.com,2 - February,twitter
29316,Paul,Osborne,POsborne29@gmail.com,3 - March,twitter
29331,Samantha,Hines,SHines39@gmail.com,1 - January,facebook
29340,Diana,Koch,DKoch36@gmail.com,3 - March,facebook
29346,Jeffrey,Warren,JWarren87@gmail.com,3 - March,yahoo
29348,Sarah,Caldwell,SCaldwell72@gmail.com,1 - January,google
29441,Benjamin,Prince,BPrince46@gmail.com,2 - February,email
29442,Brandon,Ochoa,BOchoa64@gmail.com,1 - January,facebook
29446,Logan,Koch,LKoch34@gmail.com,2 - February,google
29476,Sarah,Middleton,SMiddleton62@gmail.com,2 - February,google
29481,Nicholas,Tillman,NTillman80@gmail.com,2 - February,twitter
29528,Olivia,Payne,OPayne10@gmail.com,1 - January,yahoo
29536,Pamela,Hoffman,PHoffman48@gmail.com,2 - February,facebook
29558,Marie,Caldwell,MCaldwell24@gmail.com,3 - March,google
29593,Melissa,Townsend,MTownsend82@gmail.com,1 - January,twitter
29601,Brandon,Koch,BKoch23@gmail.com,2 - February,facebook
29672,Olivia,Salas,OSalas94@gmail.com,3 - March,twitter
29692,Scott,Herrera,SHerrera47@gmail.com,2 - February,yahoo
29758,Daniel,Haney,DHaney50@gmail.com,3 - March,google
29769,Richard,Caldwell,RCaldwell89@gmail.com,1 - January,facebook
29786,Sarah,Bass,SBass61@gmail.com,2 - February,facebook
29809,Frances,Diaz,FDiaz48@gmail.com,3 - March,facebook
29815,Stephanie,Santana,SSantana78@gmail.com,3 - March,twitter
29826,David,Diaz,DDiaz7@gmail.com,1 - January,email
29840,Zachary,Tillman,ZTillman88@gmail.com,2 - February,facebook
29848,Zachary,Ford,ZFord53@gmail.com,2 - February,twitter
29887,Ethan,Meadows,EMeadows39@gmail.com,1 - January,facebook
29902,Gerald,Wilkerson,GWilkerson51@gmail.com,1 - January,twitter
30005,Adam,Santana,ASantana41@gmail.com,1 - January,twitter
30012,Olivia,Ochoa,OOchoa40@gmail.com,1 - January,yahoo
30052,Elizabeth,Hines,EHines94@gmail.com,2 - February,twitter
30070,Joyce,Koch,JKoch39@gmail.com,2 - February,facebook
30078,Brenda,Salas,BSalas48@gmail.com,2 - February,google
30079,Jean,Hines,JHines17@gmail.com,1 - January,yahoo
30147,Zachary,Lambert,ZLambert63@gmail.com,1 - January,twitter
30185,Denise,Prince,DPrince12@gmail.com,3 - March,email
30214,Marie,Peters,MPeters87@gmail.com,1 - January,twitter
30242,Adam,Strickland,AStrickland19@gmail.com,2 - February,yahoo
30273,Diana,Wells,DWells74@gmail.com,1 - January,google
30325,Teresa,Hammond,THammond81@gmail.com,2 - February,email
30365,Pamela,Preston,PPreston51@gmail.com,2 - February,twitter
30392,Charles,Tillman,CTillman7@gmail.com,3 - March,facebook
30415,Adam,Stephenson,AStephenson98@gmail.com,1 - January,google
30435,Adam,Prince,APrince78@gmail.com,3 - March,google
30541,Frances,Caldwell,FCaldwell67@gmail.com,2 - February,yahoo
30568,Megan,Stephenson,MStephenson64@gmail.com,3 - March,email
30577,Pamela,Joyce,PJoyce92@gmail.com,1 - January,yahoo
30585,Jesse,Hines,JHines71@gmail.com,1 - January,email
30644,Linda,Warren,LWarren82@gmail.com,3 - March,twitter
30691,Daniel,Bass,DBass69@gmail.com,2 - February,yahoo
30700,Olivia,Middleton,OMiddleton38@gmail.com,3 - March,email
30701,Sandra,Herrera,SHerrera42@gmail.com,3 - March,yahoo
30715,Bruce,Jacobson,BJacobson66@gmail.com,1 - January,yahoo
30749,Denise,Haney,DHaney61@gmail.com,3 - March,twitter
30788,Alice,Haney,AHaney88@gmail.com,2 - February,twitter
30808,Benjamin,Tillman,BTillman90@gmail.com,2 - February,facebook
30865,Bruce,Chandler,BChandler51@gmail.com,2 - February,twitter
30892,Gerald,Peters,GPeters76@gmail.com,2 - February,google
30932,Lauren,Meadows,LMeadows93@gmail.com,1 - January,twitter
30969,Bruce,Payne,BPayne78@gmail.com,3 - March,google
30975,Bruce,Webb,BWebb70@gmail.com,2 - February,facebook
31002,Lauren,Caldwell,LCaldwell99@gmail.com,1 - January,twitter
31048,Donald,Salas,DSalas31@gmail.com,2 - February,facebook
31061,Stephanie,Warren,SWarren46@gmail.com,3 - March,google
31075,Jean,Middleton,JMiddleton37@gmail.com,1 - January,facebook
31108,Megan,Hammond,MHammond94@gmail.com,2 - February,google
31129,Linda,Townsend,LTownsend32@gmail.com,3 - March,yahoo
31150,Charles,Webb,CWebb78@gmail.com,1 - January,facebook
31152,Brenda,Wells,BWells93@gmail.com,3 - March,facebook
31158,Louis,Lambert,LLambert99@gmail.com,1 - January,twitter
31164,Karen,Mcpherson,KMcpherson74@gmail.com,2 - February,email
31174,Pamela,Hammond,PHammond1@gmail.com,2 - February,google
31241,Samantha,Salas,SSalas18@gmail.com,3 - March,email
31298,Linda,Walls,LWalls83@gmail.com,1 - January,facebook
31299,Scott,Peters,SPeters4@gmail.com,1 - January,yahoo
31311,Pamela,Haney,PHaney16@gmail.com,3 - March,google
31465,Marie,Aguilar,MAguilar75@gmail.com,1 - January,facebook
31483,Dennis,Aguilar,DAguilar98@gmail.com,3 - March,facebook
31495,Jean,Lambert,JLambert12@gmail.com,1 - January,google
31516,Teresa,Strickland,TStrickland92@gmail.com,3 - March,google
31532,Nicholas,Mclean,NMclean65@gmail.com,3 - March,yahoo
31603,William,Wells,WWells83@gmail.com,2 - February,facebook
31641,Denise,Key,DKey11@gmail.com,3 - March,google
31712,Joyce,Jacobson,JJacobson56@gmail.com,3 - March,google
31750,Louis,Aguilar,LAguilar19@gmail.com,3 - March,google
31821,Elizabeth,Osborne,EOsborne79@gmail.com,3 - March,twitter
31828,Pamela,Ford,PFord81@gmail.com,1 - January,yahoo
31842,Stephanie,Diaz,SDiaz45@gmail.com,2 - February,twitter
31856,Dennis,Herrera,DHerrera13@gmail.com,3 - March,twitter
31864,Scott,Chandler,SChandler52@gmail.com,2 - February,twitter
31884,Dennis,Strickland,DStrickland96@gmail.com,3 - March,facebook
31910,Joyce,Townsend,JTownsend17@gmail.com,1 - January,email
31926,Joyce,Meadows,JMeadows94@gmail.com,3 - March,email
31930,Scott,Webb,SWebb17@gmail.com,3 - March,twitter
31936,Olivia,Wilkerson,OWilkerson16@gmail.com,2 - February,facebook
31940,Ralph,Middleton,RMiddleton69@gmail.com,1 - January,email
31945,Megan,Caldwell,MCaldwell97@gmail.com,3 - March,twitter
32037,Karen,Santana,KSantana82@gmail.com,1 - January,google
32058,Adam,Santana,ASantana35@gmail.com,2 - February,twitter
32161,Denise,Key,DKey85@gmail.com,3 - March,yahoo
32185,Adam,Middleton,AMiddleton63@gmail.com,1 - January,yahoo
32199,Adam,Santana,ASantana31@gmail.com,3 - March,email
32264,Megan,Jacobson,MJacobson44@gmail.com,3 - March,facebook
32283,Grace,Caldwell,GCaldwell33@gmail.com,2 - February,twitter
32298,Denise,Lambert,DLambert2@gmail.com,3 - March,google
32344,Nicholas,Wilkerson,NWilkerson50@gmail.com,1 - January,google
32349,Alice,Schultz,ASchultz57@gmail.com,3 - March,facebook
32391,Ronald,Osborne,ROsborne11@gmail.com,2 - February,facebook
32398,Alice,Meadows,AMeadows85@gmail.com,3 - March,facebook
32460,Gregory,Tillman,GTillman56@gmail.com,3 - March,email
32509,Donald,Stanley,DStanley62@gmail.com,2 - February,facebook
32570,Olivia,Joyce,OJoyce19@gmail.com,2 - February,twitter
32650,Paul,Ford,PFord24@gmail.com,1 - January,google
32671,Ronald,Koch,RKoch40@gmail.com,1 - January,facebook
32706,David,Herrera,DHerrera63@gmail.com,1 - January,facebook
32740,Diana,Payne,DPayne98@gmail.com,3 - March,email
32751,Megan,Herrera,MHerrera2@gmail.com,2 - February,google
32769,Helen,Preston,HPreston67@gmail.com,1 - January,facebook
32779,Adam,Santana,ASantana16@gmail.com,2 - February,google
32801,Logan,Joyce,LJoyce48@gmail.com,2 - February,facebook
32815,Lauren,Aguilar,LAguilar90@gmail.com,2 - February,facebook
32833,Jean,Chandler,JChandler89@gmail.com,3 - March,twitter
32931,Donald,Schultz,DSchultz43@gmail.com,2 - February,google
32973,Ronald,Jacobson,RJacobson57@gmail.com,1 - January,yahoo
33022,Melissa,Koch,MKoch91@gmail.com,1 - January,email
33061,Daniel,Chandler,DChandler61@gmail.com,3 - March,yahoo
33083,Samantha,Meadows,SMeadows63@gmail.com,3 - March,facebook
33226,Stephanie,Wilkerson,SWilkerson23@gmail.com,3 - March,facebook
33264,Megan,Payne,MPayne57@gmail.com,1 - January,email
33267,Donald,Bass,DBass22@gmail.com,3 - March,yahoo
33276,Brandon,Wilkerson,BWilkerson71@gmail.com,2 - February,facebook
33281,Helen,Osborne,HOsborne1@gmail.com,2 - February,facebook
33283,Nicholas,Salas,NSalas63@gmail.com,1 - January,facebook
33373,Donald,Meadows,DMeadows14@gmail.com,1 - January,google
33419,Frances,Meadows,FMeadows81@gmail.com,2 - February,email
33425,Dennis,Chandler,DChandler72@gmail.com,2 - February,yahoo
33426,Daniel,Schultz,DSchultz54@gmail.com,1 - January,facebook
33448,David,Chandler,DChandler54@gmail.com,3 - March,twitter
33456,Nicholas,Chandler,NChandler92@gmail.com,3 - March,google
33464,Teresa,Joyce,TJoyce39@gmail.com,3 - March,twitter
33474,Jeffrey,Salas,JSalas87@gmail.com,1 - January,facebook
33480,Denise,Meadows,DMeadows85@gmail.com,3 - March,facebook
33486,Jean,Walls,JWalls34@gmail.com,3 - March,yahoo
33496,Gerald,Aguilar,GAguilar68@gmail.com,1 - January,facebook
33506,Scott,Webb,SWebb84@gmail.com,3 - March,twitter
33510,Teresa,Prince,TPrince4@gmail.com,1 - January,facebook
33593,Jean,Jacobson,JJacobson79@gmail.com,3 - March,twitter
33597,Gregory,Joyce,GJoyce77@gmail.com,3 - March,twitter
33675,Benjamin,Bass,BBass64@gmail.com,3 - March,yahoo
33689,Bruce,Mclean,BMclean13@gmail.com,1 - January,google
33703,Stephanie,Tillman,STillman22@gmail.com,3 - March,email
33704,Paul,Caldwell,PCaldwell55@gmail.com,1 - January,facebook
33713,Alice,Ford,AFord64@gmail.com,3 - March,google
33736,Jeffrey,Stephenson,JStephenson83@gmail.com,3 - March,facebook
33812,Lawrence,Meadows,LMeadows44@gmail.com,2 - February,yahoo
33819,William,Booker,WBooker49@gmail.com,1 - January,google
33827,Pamela,Ford,PFord45@gmail.com,1 - January,twitter
33839,Sandra,Santana,SSantana34@gmail.com,1 - January,twitter
33878,Pamela,Mcpherson,PMcpherson14@gmail.com,3 - March,twitter
33882,Helen,Hoffman,HHoffman11@gmail.com,2 - February,twitter
33910,Brandon,Strickland,BStrickland96@gmail.com,2 - February,yahoo
33979,Ronald,Jacobson,RJacobson68@gmail.com,1 - January,yahoo
33984,Gerald,Haney,GHaney46@gmail.com,1 - January,google
33996,Lawrence,Jacobson,LJacobson48@gmail.com,1 - January,google
34004,Nicholas,Stephenson,NStephenson34@gmail.com,1 - January,google
34050,Olivia,Walls,OWalls32@gmail.com,3 - March,email
34057,Sarah,Koch,SKoch9@gmail.com,3 - March,email
34077,Adam,Chandler,AChandler78@gmail.com,3 - March,yahoo
34100,Gregory,Bass,GBass65@gmail.com,1 - January,google
34105,Teresa,Warren,TWarren27@gmail.com,2 - February,twitter
34114,Jeffrey,Jacobson,JJacobson61@gmail.com,1 - January,facebook
34125,Louis,Herrera,LHerrera74@gmail.com,1 - January,twitter
34173,Frances,Warren,FWarren69@gmail.com,1 - January,facebook
34215,Bruce,Tillman,BTillman79@gmail.com,1 - January,google
34217,Melissa,Hines,MHines33@gmail.com,1 - January,twitter
34267,Samantha,Ford,SFord95@gmail.com,2 - February,twitter
34318,Bruce,Tillman,BTillman47@gmail.com,3 - March,facebook
34385,Teresa,Hammond,THammond50@gmail.com,3 - March,facebook
34461,Pamela,Schultz,PSchultz42@gmail.com,3 - March,facebook
34524,Linda,Jacobson,LJacobson37@gmail.com,1 - January,twitter
34621,Elizabeth,Peters,EPeters27@gmail.com,2 - February,yahoo
34662,Adam,Lambert,ALambert74@gmail.com,2 - February,yahoo
34684,Jean,Koch,JKoch65@gmail.com,3 - March,google
34744,Karen,Stephenson,KStephenson87@gmail.com,2 - February,email
34775,Louis,Koch,LKoch74@gmail.com,2 - February,google
34824,Carolyn,Stephenson,CStephenson65@gmail.com,3 - March,facebook
34832,Samantha,Hammond,SHammond85@gmail.com,1 - January,twitter
34833,Adam,Hoffman,AHoffman25@gmail.com,1 - January,yahoo
34854,Louis,Koch,LKoch65@gmail.com,3 - March,facebook
34892,Alice,Stanley,AStanley88@gmail.com,2 - February,yahoo
34899,Grace,Wells,GWells92@gmail.com,2 - February,facebook
34966,William,Mcpherson,WMcpherson49@gmail.com,3 - March,twitter
35008,Melissa,Webb,MWebb90@gmail.com,3 - March,yahoo
35032,Jeffrey,Wells,JWells23@gmail.com,3 - March,yahoo
35150,Donald,Peters,DPeters57@gmail.com,2 - February,twitter
35154,Bruce,Prince,BPrince40@gmail.com,2 - February,google
35197,Zachary,Hines,ZHines67@gmail.com,2 - February,twitter
35226,William,Payne,WPayne27@gmail.com,1 - January,facebook
35242,Lauren,Lambert,LLambert96@gmail.com,2 - February,twitter
35249,Olivia,Osborne,OOsborne55@gmail.com,2 - February,facebook
35351,Scott,Aguilar,SAguilar94@gmail.com,1 - January,twitter
35362,Daniel,Diaz,DDiaz23@gmail.com,3 - March,email
35480,Helen,Hoffman,HHoffman2@gmail.com,1 - January,twitter
35485,Jean,Caldwell,JCaldwell64@gmail.com,2 - February,facebook
35499,Megan,Lambert,MLambert88@gmail.com,2 - February,facebook
35507,Alice,Ochoa,AOchoa74@gmail.com,3 - March,yahoo
35575,Jeffrey,Chandler,JChandler65@gmail.com,2 - February,google
35578,Logan,Hammond,LHammond29@gmail.com,3 - March,twitter
35614,Linda,Middleton,LMiddleton98@gmail.com,3 - March,facebook
35652,Bruce,Ochoa,BOchoa69@gmail.com,3 - March,twitter
35668,Sarah,Wells,SWells68@gmail.com,1 - January,google
35688,Bruce,Hines,BHines34@gmail.com,3 - March,email
35703,David,Tillman,DTillman95@gmail.com,2 - February,facebook
35712,Pamela,Salas,PSalas49@gmail.com,3 - March,twitter
35725,Jesse,Preston,JPreston6@gmail.com,3 - March,facebook
35915,Donald,Payne,DPayne70@gmail.com,2 - February,facebook
35927,Ethan,Peters,EPeters41@gmail.com,2 - February,yahoo
35971,Jean,Middleton,JMiddleton11@gmail.com,3 - March,twitter
36013,Melissa,Townsend,MTownsend37@gmail.com,1 - January,google
36031,Paul,Peters,PPeters62@gmail.com,2 - February,twitter
36081,Grace,Booker,GBooker33@gmail.com,2 - February,yahoo
36097,Olivia,Wells,OWells60@gmail.com,2 - February,twitter
36186,Lauren,Strickland,LStrickland38@gmail.com,1 - January,email
36248,Diana,Joyce,DJoyce16@gmail.com,1 - January,google
36309,William,Prince,WPrince5@gmail.com,2 - February,yahoo
36326,Brandon,Preston,BPreston23@gmail.com,3 - March,yahoo
36379,Karen,Mclean,KMclean25@gmail.com,3 - March,twitter
36389,Daniel,Meadows,DMeadows51@gmail.com,1 - January,email
36422,Carolyn,Salas,CSalas33@gmail.com,2 - February,facebook
36433,Paul,Peters,PPeters38@gmail.com,1 - January,google
36476,Pamela,Payne,PPayne6@gmail.com,1 - January,google
36493,Benjamin,Chandler,BChandler64@gmail.com,1 - January,google
36496,Donald,Jacobson,DJacobson45@gmail.com,2 - February,google
36502,Olivia,Key,OKey52@gmail.com,1 - January,yahoo
36510,Linda,Hines,LHines54@gmail.com,1 - January,email
36535,Ethan,Haney,EHaney18@gmail.com,3 - March,google
36553,Karen,Wilkerson,KWilkerson20@gmail.com,1 - January,facebook
36604,Megan,Walls,MWalls36@gmail.com,1 - January,yahoo
36607,Sarah,Prince,SPrince51@gmail.com,1 - January,google
36619,Sandra,Diaz,SDiaz29@gmail.com,3 - March,twitter
36624,Dennis,Preston,DPreston53@gmail.com,1 - January,yahoo
36626,Pamela,Tillman,PTillman3@gmail.com,3 - March,email
36649,Elizabeth,Ochoa,EOchoa93@gmail.com,1 - January,twitter
36685,Grace,Booker,GBooker65@gmail.com,2 - February,yahoo
36748,Marie,Joyce,MJoyce81@gmail.com,2 - February,yahoo
36769,David,Mclean,DMclean97@gmail.com,3 - March,yahoo
36772,Frances,Preston,FPreston31@gmail.com,1 - January,facebook
36825,Melissa,Webb,MWebb61@gmail.com,1 - January,facebook
36832,Adam,Mclean,AMclean31@gmail.com,2 - February,twitter
36920,Dennis,Herrera,DHerrera94@gmail.com,1 - January,google
36986,Stephanie,Bass,SBass10@gmail.com,3 - March,email
37082,Joyce,Key,JKey73@gmail.com,2 - February,facebook
37102,Richard,Townsend,RTownsend32@gmail.com,3 - March,facebook
37111,David,Santana,DSantana97@gmail.com,1 - January,google
37114,Gregory,Stephenson,GStephenson45@gmail.com,2 - February,google
37175,Sandra,Peters,SPeters53@gmail.com,1 - January,facebook
37215,William,Hines,WHines19@gmail.com,1 - January,facebook
37222,Stephanie,Stephenson,SStephenson43@gmail.com,1 - January,email
37259,Helen,Aguilar,HAguilar63@gmail.com,3 - March,google
37339,Jeffrey,Key,JKey58@gmail.com,2 - February,facebook
37379,Alice,Haney,AHaney2@gmail.com,1 - January,facebook
37423,Carolyn,Chandler,CChandler63@gmail.com,2 - February,facebook
37424,Brandon,Payne,BPayne84@gmail.com,1 - January,yahoo
37426,Pamela,Aguilar,PAguilar25@gmail.com,1 - January,email
37462,Adam,Joyce,AJoyce90@gmail.com,1 - January,yahoo
37479,Sarah,Osborne,SOsborne89@gmail.com,1 - January,yahoo
37502,Adam,Osborne,AOsborne48@gmail.com,2 - February,yahoo
37504,Lauren,Townsend,LTownsend25@gmail.com,1 - January,google
37508,Brandon,Stanley,BStanley67@gmail.com,2 - February,google
37521,Pamela,Lambert,PLambert1@gmail.com,2 - February,twitter
37536,Donald,Aguilar,DAguilar43@gmail.com,2 - February,email
37556,Marie,Walls,MWalls31@gmail.com,2 - February,facebook
37568,Benjamin,Santana,BSantana47@gmail.com,2 - February,google
37600,Charles,Joyce,CJoyce14@gmail.com,1 - January,yahoo
37605,Linda,Stanley,LStanley90@gmail.com,3 - March,yahoo
37606,Alice,Strickland,AStrickland22@gmail.com,2 - February,yahoo
37631,Ralph,Meadows,RMeadows54@gmail.com,2 - February,email
37707,Zachary,Jacobson,ZJacobson98@gmail.com,2 - February,facebook
37720,Bruce,Warren,BWarren35@gmail.com,1 - January,facebook
37752,Zachary,Santana,ZSantana19@gmail.com,1 - January,facebook
37815,Jean,Caldwell,JCaldwell91@gmail.com,2 - February,google
37827,Logan,Ochoa,LOchoa30@gmail.com,1 - January,facebook
37839,Logan,Koch,LKoch68@gmail.com,3 - March,facebook
37887,Brenda,Stanley,BStanley9@gmail.com,2 - February,facebook
37889,Ethan,Middleton,EMiddleton1@gmail.com,3 - March,twitter
37938,Megan,Booker,MBooker17@gmail.com,3 - March,yahoo
37972,Pamela,Chandler,PChandler37@gmail.com,3 - March,yahoo
38039,Jeffrey,Chandler,JChandler96@gmail.com,1 - January,yahoo
38065,Gerald,Hines,GHines50@gmail.com,2 - February,twitter
38119,Joyce,Wells,JWells13@gmail.com,1 - January,email
38155,Scott,Preston,SPreston60@gmail.com,1 - January,facebook
38157,Lauren,Webb,LWebb99@gmail.com,3 - March,twitter
38177,Sandra,Santana,SSantana57@gmail.com,3 - March,facebook
38208,Adam,Salas,ASalas71@gmail.com,1 - January,facebook
38221,Carolyn,Mclean,CMclean14@gmail.com,1 - January,email
38257,Brenda,Townsend,BTownsend92@gmail.com,2 - February,twitter
38298,Gregory,Aguilar,GAguilar13@gmail.com,3 - March,google
38307,Ethan,Koch,EKoch38@gmail.com,1 - January,email
38476,Teresa,Peters,TPeters98@gmail.com,2 - February,yahoo
38503,Gerald,Chandler,GChandler36@gmail.com,3 - March,yahoo
38574,Ethan,Aguilar,EAguilar23@gmail.com,1 - January,facebook
38591,Olivia,Lambert,OLambert74@gmail.com,1 - January,facebook
38601,Brenda,Haney,BHaney87@gmail.com,2 - February,twitter
38607,Brenda,Booker,BBooker5@gmail.com,3 - March,google
38655,Adam,Townsend,ATownsend54@gmail.com,3 - March,yahoo
38686,Nicholas,Stephenson,NStephenson46@gmail.com,1 - January,twitter
38692,Teresa,Walls,TWalls19@gmail.com,2 - February,facebook
38717,Brenda,Herrera,BHerrera87@gmail.com,2 - February,email
38746,Adam,Santana,ASantana64@gmail.com,1 - January,email
38748,Stephanie,Ochoa,SOchoa31@gmail.com,2 - February,facebook
38796,Logan,Mclean,LMclean78@gmail.com,3 - March,twitter
38818,Adam,Joyce,AJoyce70@gmail.com,1 - January,twitter
38863,Grace,Townsend,GTownsend34@gmail.com,2 - February,google
38866,Nicholas,Hoffman,NHoffman39@gmail.com,1 - January,facebook
38879,Daniel,Mcpherson,DMcpherson71@gmail.com,1 - January,facebook
38883,Sarah,Schultz,SSchultz12@gmail.com,1 - January,twitter
38905,Daniel,Hoffman,DHoffman36@gmail.com,1 - January,facebook
38906,Teresa,Stanley,TStanley35@gmail.com,2 - February,email
38910,Karen,Townsend,KTownsend55@gmail.com,2 - February,yahoo
38974,Karen,Tillman,KTillman37@gmail.com,3 - March,twitter
38986,Richard,Jacobson,RJacobson47@gmail.com,1 - January,google
39035,Adam,Webb,AWebb98@gmail.com,1 - January,yahoo
39045,Helen,Prince,HPrince40@gmail.com,3 - March,facebook
39067,Dennis,Ochoa,DOchoa78@gmail.com,1 - January,google
39079,Ralph,Webb,RWebb26@gmail.com,3 - March,facebook
39098,Megan,Hammond,MHammond72@gmail.com,2 - February,google
39131,Paul,Stanley,PStanley96@gmail.com,3 - March,google
39155,Linda,Bass,LBass42@gmail.com,1 - January,facebook
39189,Benjamin,Peters,BPeters9@gmail.com,1 - January,google
39190,David,Caldwell,DCaldwell52@gmail.com,3 - March,email
39214,Logan,Preston,LPreston69@gmail.com,2 - February,twitter
39253,Gregory,Hoffman,GHoffman52@gmail.com,1 - January,google
39269,Ralph,Wilkerson,RWilkerson94@gmail.com,3 - March,facebook
39284,Alice,Wilkerson,AWilkerson64@gmail.com,1 - January,google
39355,Brenda,Mcpherson,BMcpherson74@gmail.com,3 - March,google
39385,Adam,Tillman,ATillman80@gmail.com,2 - February,email
39536,Marie,Payne,MPayne60@gmail.com,3 - March,google
39552,Paul,Hammond,PHammond37@gmail.com,3 - March,facebook
39559,Brandon,Hoffman,BHoffman6@gmail.com,1 - January,facebook
39573,Stephanie,Warren,SWarren10@gmail.com,3 - March,facebook
39602,Louis,Caldwell,LCaldwell89@gmail.com,3 - March,google
39643,Elizabeth,Chandler,EChandler99@gmail.com,3 - March,twitter
39667,Charles,Ochoa,COchoa25@gmail.com,3 - March,yahoo
39697,Marie,Strickland,MStrickland27@gmail.com,1 - January,email
39751,Helen,Strickland,HStrickland81@gmail.com,2 - February,yahoo
39762,Sarah,Booker,SBooker63@gmail.com,2 - February,twitter
39828,Lauren,Haney,LHaney13@gmail.com,3 - March,email
39837,Donald,Peters,DPeters50@gmail.com,2 - February,google
39847,Charles,Joyce,CJoyce82@gmail.com,3 - March,facebook
39850,Gerald,Lambert,GLambert10@gmail.com,2 - February,google
39878,Adam,Haney,AHaney96@gmail.com,2 - February,yahoo
39899,Logan,Herrera,LHerrera6@gmail.com,3 - March,google
39922,Gregory,Santana,GSantana22@gmail.com,3 - March,yahoo
39928,Stephanie,Walls,SWalls23@gmail.com,1 - January,twitter
39949,Zachary,Mclean,ZMclean59@gmail.com,2 - February,twitter
39984,Marie,Ochoa,MOchoa40@gmail.com,2 - February,facebook
40016,Linda,Mclean,LMclean44@gmail.com,1 - January,google
40115,Denise,Strickland,DStrickland69@gmail.com,1 - January,yahoo
40137,Lauren,Peters,LPeters46@gmail.com,2 - February,email
40161,Jeffrey,Ochoa,JOchoa75@gmail.com,3 - March,google
40221,William,Salas,WSalas70@gmail.com,2 - February,facebook
40258,Jesse,Hoffman,JHoffman94@gmail.com,1 - January,google
40263,Jeffrey,Salas,JSalas61@gmail.com,3 - March,twitter
40266,Diana,Stanley,DStanley30@gmail.com,3 - March,facebook
40270,Lauren,Wilkerson,LWilkerson29@gmail.com,2 - February,facebook
40333,Richard,Mclean,RMclean55@gmail.com,2 - February,google
40365,Sandra,Herrera,SHerrera87@gmail.com,1 - January,facebook
40382,Joyce,Haney,JHaney65@gmail.com,1 - January,twitter
40384,Benjamin,Tillman,BTillman7@gmail.com,2 - February,yahoo
40396,Jean,Key,JKey68@gmail.com,1 - January,google
40451,Gregory,Mclean,GMclean53@gmail.com,2 - February,twitter
40475,Benjamin,Osborne,BOsborne77@gmail.com,3 - March,google
40490,Diana,Stanley,DStanley3@gmail.com,2 - February,email
40493,David,Bass,DBass50@gmail.com,1 - January,facebook
40603,Samantha,Wells,SWells20@gmail.com,3 - March,yahoo
40647,Brandon,Webb,BWebb80@gmail.com,3 - March,google
40689,Elizabeth,Ochoa,EOchoa91@gmail.com,1 - January,facebook
40710,Carolyn,Santana,CSantana14@gmail.com,2 - February,yahoo
40715,Pamela,Ford,PFord97@gmail.com,3 - March,email
40735,Olivia,Mclean,OMclean41@gmail.com,3 - March,email
40776,Brenda,Wilkerson,BWilkerson89@gmail.com,2 - February,facebook
40792,Pamela,Booker,PBooker79@gmail.com,3 - March,yahoo
40803,Benjamin,Wells,BWells46@gmail.com,2 - February,google
40862,Marie,Ford,MFord21@gmail.com,3 - March,twitter
40882,Teresa,Bass,TBass73@gmail.com,3 - March,twitter
40886,Brandon,Haney,BHaney11@gmail.com,2 - February,yahoo
40903,Jeffrey,Ochoa,JOchoa48@gmail.com,1 - January,facebook
40945,Adam,Wilkerson,AWilkerson73@gmail.com,3 - March,yahoo
40958,Teresa,Hines,THines68@gmail.com,3 - March,facebook
40965,Bruce,Townsend,BTownsend78@gmail.com,3 - March,email
40972,William,Lambert,WLambert60@gmail.com,1 - January,google
40999,William,Mclean,WMclean55@gmail.com,3 - March,twitter
41013,Gerald,Hines,GHines94@gmail.com,3 - March,twitter
41142,Megan,Osborne,MOsborne89@gmail.com,3 - March,yahoo
41172,Charles,Joyce,CJoyce42@gmail.com,1 - January,google
41183,William,Warren,WWarren28@gmail.com,2 - February,google
41205,Diana,Lambert,DLambert99@gmail.com,3 - March,facebook
41217,Richard,Ochoa,ROchoa76@gmail.com,1 - January,google
41258,Teresa,Caldwell,TCaldwell9@gmail.com,3 - March,twitter
41270,Marie,Lambert,MLambert24@gmail.com,2 - February,facebook
41276,Charles,Preston,CPreston88@gmail.com,1 - January,facebook
41278,William,Prince,WPrince12@gmail.com,3 - March,facebook
41300,Denise,Caldwell,DCaldwell30@gmail.com,3 - March,google
41310,Sandra,Herrera,SHerrera97@gmail.com,2 - February,google
41323,Helen,Koch,HKoch56@gmail.com,1 - January,email
41360,William,Chandler,WChandler4@gmail.com,1 - January,yahoo
41380,Denise,Townsend,DTownsend45@gmail.com,3 - March,facebook
41385,Teresa,Townsend,TTownsend52@gmail.com,1 - January,email
41395,Daniel,Herrera,DHerrera70@gmail.com,1 - January,facebook
41404,Dennis,Joyce,DJoyce49@gmail.com,2 - February,yahoo
41506,Ethan,Haney,EHaney56@gmail.com,2 - February,yahoo
41508,Frances,Mclean,FMclean23@gmail.com,3 - March,yahoo
41531,Denise,Peters,DPeters24@gmail.com,3 - March,email
41558,Gregory,Koch,GKoch84@gmail.com,3 - March,twitter
41594,Sarah,Peters,SPeters47@gmail.com,1 - January,google
41610,Pamela,Mclean,PMclean64@gmail.com,1 - January,yahoo
41632,Diana,Hammond,DHammond37@gmail.com,2 - February,email
41704,Scott,Walls,SWalls65@gmail.com,2 - February,yahoo
41722,Brenda,Tillman,BTillman22@gmail.com,3 - March,yahoo
41784,Charles,Tillman,CTillman62@gmail.com,3 - March,twitter
41795,Brenda,Wells,BWells76@gmail.com,3 - March,yahoo
41816,Carolyn,Aguilar,CAguilar50@gmail.com,1 - January,twitter
41868,Charles,Preston,CPreston93@gmail.com,2 - February,twitter
41939,Brandon,Ford,BFord25@gmail.com,3 - March,google
41949,Stephanie,Key,SKey48@gmail.com,2 - February,facebook
41970,Gregory,Hines,GHines71@gmail.com,1 - January,google
42018,Dennis,Osborne,DOsborne21@gmail.com,2 - February,google
42075,David,Mcpherson,DMcpherson80@gmail.com,2 - February,yahoo
42087,Charles,Walls,CWalls49@gmail.com,1 - January,yahoo
42118,Karen,Koch,KKoch73@gmail.com,3 - March,google
42208,Teresa,Chandler,TChandler84@gmail.com,3 - March,facebook
42320,Richard,Koch,RKoch42@gmail.com,2 - February,twitter
42346,Elizabeth,Joyce,EJoyce6@gmail.com,2 - February,yahoo
42347,Jesse,Stephenson,JStephenson5@gmail.com,3 - March,facebook
42361,Pamela,Wilkerson,PWilkerson17@gmail.com,1 - January,yahoo
42394,Gerald,Stephenson,GStephenson31@gmail.com,3 - March,yahoo
42397,William,Mcpherson,WMcpherson17@gmail.com,3 - March,yahoo
42401,Joyce,Aguilar,JAguilar61@gmail.com,1 - January,google
42411,Samantha,Webb,SWebb80@gmail.com,1 - January,facebook
42441,Brenda,Schultz,BSchultz20@gmail.com,1 - January,yahoo
42444,Marie,Hoffman,MHoffman58@gmail.com,1 - January,yahoo
42450,Benjamin,Mclean,BMclean22@gmail.com,1 - January,yahoo
42472,Sandra,Payne,SPayne94@gmail.com,2 - February,facebook
42493,Richard,Bass,RBass44@gmail.com,1 - January,google
42534,Charles,Salas,CSalas97@gmail.com,1 - January,yahoo
42550,Marie,Hoffman,MHoffman67@gmail.com,3 - March,facebook
42573,Karen,Tillman,KTillman14@gmail.com,3 - March,yahoo
42576,Dennis,Diaz,DDiaz80@gmail.com,3 - March,yahoo
42602,Brenda,Payne,BPayne13@gmail.com,3 - March,google
42613,Richard,Schultz,RSchultz40@gmail.com,1 - January,google
42728,Dennis,Prince,DPrince26@gmail.com,1 - January,google
42739,Richard,Booker,RBooker24@gmail.com,3 - March,facebook
42747,Olivia,Salas,OSalas76@gmail.com,2 - February,facebook
42759,Ralph,Middleton,RMiddleton38@gmail.com,2 - February,google
42773,Paul,Walls,PWalls62@gmail.com,3 - March,facebook
42780,Brenda,Haney,BHaney26@gmail.com,3 - March,yahoo
42785,Richard,Stephenson,RStephenson51@gmail.com,2 - February,facebook
42846,Zachary,Ochoa,ZOchoa63@gmail.com,3 - March,facebook
42858,Teresa,Jacobson,TJacobson30@gmail.com,2 - February,facebook
42873,Scott,Schultz,SSchultz60@gmail.com,1 - January,twitter
42895,David,Meadows,DMeadows7@gmail.com,2 - February,twitter
42921,Stephanie,Mcpherson,SMcpherson76@gmail.com,1 - January,google
43031,Teresa,Ochoa,TOchoa24@gmail.com,1 - January,facebook
43033,Zachary,Haney,ZHaney95@gmail.com,2 - February,facebook
43044,Louis,Warren,LWarren60@gmail.com,1 - January,yahoo
43065,Benjamin,Stephenson,BStephenson3@gmail.com,3 - March,email
43073,Joyce,Santana,JSantana4@gmail.com,1 - January,facebook
43099,Carolyn,Chandler,CChandler45@gmail.com,3 - March,google
43127,Samantha,Lambert,SLambert24@gmail.com,3 - March,google
43162,Nicholas,Bass,NBass39@gmail.com,3 - March,twitter
43166,Olivia,Key,OKey74@gmail.com,3 - March,yahoo
43202,Brandon,Haney,BHaney26@gmail.com,2 - February,email
43330,Sandra,Townsend,STownsend25@gmail.com,1 - January,yahoo
43386,David,Herrera,DHerrera95@gmail.com,1 - January,twitter
43398,Stephanie,Aguilar,SAguilar35@gmail.com,3 - March,google
43457,Ralph,Schultz,RSchultz66@gmail.com,3 - March,twitter
43563,Adam,Hines,AHines89@gmail.com,3 - March,yahoo
43619,Grace,Joyce,GJoyce37@gmail.com,2 - February,facebook
43666,Linda,Ochoa,LOchoa56@gmail.com,3 - March,yahoo
43681,Brandon,Osborne,BOsborne96@gmail.com,3 - March,yahoo
43725,Ronald,Stanley,RStanley4@gmail.com,3 - March,google
43769,Gerald,Payne,GPayne72@gmail.com,1 - January,yahoo
43779,Paul,Webb,PWebb53@gmail.com,1 - January,yahoo
43786,Bruce,Salas,BSalas8@gmail.com,3 - March,email
43792,Karen,Caldwell,KCaldwell82@gmail.com,3 - March,facebook
43804,Ronald,Stephenson,RStephenson89@gmail.com,3 - March,facebook
43823,Dennis,Joyce,DJoyce24@gmail.com,3 - March,twitter
43827,Denise,Chandler,DChandler71@gmail.com,3 - March,yahoo
43853,Jeffrey,Payne,JPayne36@gmail.com,2 - February,google
43868,Olivia,Chandler,OChandler23@gmail.com,2 - February,email
43903,Adam,Ochoa,AOchoa37@gmail.com,1 - January,email
43947,Gerald,Hoffman,GHoffman10@gmail.com,1 - January,twitter
43972,Carolyn,Prince,CPrince82@gmail.com,1 - January,yahoo
44003,Diana,Aguilar,DAguilar30@gmail.com,3 - March,facebook
44076,Charles,Santana,CSantana13@gmail.com,2 - February,facebook
44091,Charles,Caldwell,CCaldwell60@gmail.com,3 - March,yahoo
44116,Jean,Diaz,JDiaz28@gmail.com,3 - March,facebook
44123,Helen,Lambert,HLambert84@gmail.com,1 - January,email
44172,David,Hammond,DHammond38@gmail.com,3 - March,facebook
44181,Jeffrey,Prince,JPrince58@gmail.com,3 - March,yahoo
44208,Lauren,Joyce,LJoyce90@gmail.com,3 - March,facebook
44212,Zachary,Hines,ZHines21@gmail.com,2 - February,google
44229,Lawrence,Haney,LHaney25@gmail.com,1 - January,twitter
44237,Scott,Wilkerson,SWilkerson34@gmail.com,1 - January,google
44289,Grace,Preston,GPreston53@gmail.com,2 - February,google
44340,Linda,Hines,LHines44@gmail.com,3 - March,facebook
44362,Logan,Caldwell,LCaldwell82@gmail.com,3 - March,facebook
44406,Carolyn,Wilkerson,CWilkerson97@gmail.com,3 - March,twitter
44413,Benjamin,Joyce,BJoyce65@gmail.com,2 - February,twitter
44452,Jesse,Mcpherson,JMcpherson61@gmail.com,3 - March,facebook
44510,Sarah,Walls,SWalls34@gmail.com,1 - January,facebook
44517,Jesse,Osborne,JOsborne12@gmail.com,2 - February,twitter
44522,Megan,Hines,MHines65@gmail.com,3 - March,yahoo
44544,Elizabeth,Wells,EWells47@gmail.com,3 - March,yahoo
44649,Dennis,Stanley,DStanley6@gmail.com,3 - March,google
44654,Carolyn,Lambert,CLambert7@gmail.com,1 - January,google
44663,Pamela,Lambert,PLambert59@gmail.com,2 - February,twitter
44668,Marie,Peters,MPeters87@gmail.com,1 - January,yahoo
44670,Scott,Diaz,SDiaz60@gmail.com,1 - January,email
44690,Scott,Diaz,SDiaz9@gmail.com,2 - February,yahoo
44743,Alice,Hines,AHines28@gmail.com,1 - January,twitter
44782,William,Strickland,WStrickland95@gmail.com,2 - February,facebook
44786,Jean,Bass,JBass1@gmail.com,3 - March,yahoo
44867,Dennis,Peters,DPeters47@gmail.com,2 - February,facebook
44891,Daniel,Jacobson,DJacobson49@gmail.com,1 - January,yahoo
44898,Ralph,Warren,RWarren42@gmail.com,3 - March,google
44960,Carolyn,Strickland,CStrickland42@gmail.com,2 - February,twitter
44961,David,Schultz,DSchultz31@gmail.com,1 - January,google
45033,Bruce,Mcpherson,BMcpherson25@gmail.com,1 - January,google
45044,William,Wells,WWells91@gmail.com,3 - March,twitter
45054,Bruce,Hines,BHines35@gmail.com,3 - March,facebook
45112,Ralph,Middleton,RMiddleton47@gmail.com,2 - February,twitter
45117,Megan,Ford,MFord53@gmail.com,1 - January,yahoo
45162,Teresa,Ford,TFord22@gmail.com,3 - March,facebook
45179,Lauren,Prince,LPrince12@gmail.com,1 - January,google
45190,Denise,Salas,DSalas55@gmail.com,1 - January,google
45264,Scott,Middleton,SMiddleton16@gmail.com,3 - March,google
45269,Lawrence,Peters,LPeters66@gmail.com,1 - January,yahoo
45310,Ronald,Townsend,RTownsend92@gmail.com,2 - February,twitter
45313,Linda,Peters,LPeters78@gmail.com,2 - February,facebook
45349,Samantha,Mclean,SMclean17@gmail.com,1 - January,google
45353,Teresa,Lambert,TLambert13@gmail.com,1 - January,google
45396,Scott,Lambert,SLambert98@gmail.com,2 - February,facebook
45486,Denise,Walls,DWalls69@gmail.com,2 - February,facebook
45530,Richard,Ford,RFord99@gmail.com,2 - February,facebook
45585,Zachary,Ochoa,ZOchoa64@gmail.com,3 - March,facebook
45601,Adam,Aguilar,AAguilar79@gmail.com,3 - March,facebook
45608,Lauren,Tillman,LTillman14@gmail.com,2 - February,google
45728,Alice,Mcpherson,AMcpherson35@gmail.com,3 - March,facebook
45786,Nicholas,Mcpherson,NMcpherson83@gmail.com,2 - February,email
45822,Diana,Booker,DBooker88@gmail.com,2 - February,facebook
45838,Zachary,Stephenson,ZStephenson61@gmail.com,1 - January,google
45847,Adam,Booker,ABooker75@gmail.com,2 - February,facebook
45851,Joyce,Herrera,JHerrera74@gmail.com,3 - March,google
45865,Pamela,Middleton,PMiddleton54@gmail.com,1 - January,yahoo
45893,Teresa,Diaz,TDiaz29@gmail.com,3 - March,facebook
45895,Samantha,Payne,SPayne55@gmail.com,1 - January,facebook
45968,Alice,Hammond,AHammond53@gmail.com,2 - February,twitter
46002,Logan,Key,LKey46@gmail.com,2 - February,facebook
46046,Sandra,Wilkerson,SWilkerson71@gmail.com,3 - March,google
46158,Donald,Santana,DSantana43@gmail.com,2 - February,yahoo
46159,William,Booker,WBooker50@gmail.com,3 - March,yahoo
46170,David,Santana,DSantana72@gmail.com,2 - February,google
46187,Denise,Booker,DBooker94@gmail.com,1 - January,google
46203,Jean,Payne,JPayne47@gmail.com,3 - March,email
46204,Adam,Joyce,AJoyce16@gmail.com,3 - March,google
46208,Marie,Townsend,MTownsend6@gmail.com,2 - February,twitter
46289,Brenda,Diaz,BDiaz95@gmail.com,1 - January,facebook
46356,Lawrence,Ochoa,LOchoa22@gmail.com,3 - March,google
46394,Richard,Townsend,RTownsend63@gmail.com,2 - February,google
46403,Ethan,Wells,EWells61@gmail.com,3 - March,yahoo
46406,Adam,Mcpherson,AMcpherson7@gmail.com,2 - February,facebook
46416,Elizabeth,Herrera,EHerrera88@gmail.com,1 - January,yahoo
46418,Donald,Strickland,DStrickland79@gmail.com,1 - January,yahoo
46487,Brenda,Hoffman,BHoffman70@gmail.com,1 - January,google
46497,Linda,Lambert,LLambert46@gmail.com,3 - March,twitter
46505,Scott,Stanley,SStanley53@gmail.com,1 - January,google
46511,Brandon,Osborne,BOsborne90@gmail.com,2 - February,facebook
46569,David,Haney,DHaney29@gmail.com,3 - March,yahoo
46605,Brenda,Prince,BPrince59@gmail.com,1 - January,facebook
46630,Gerald,Koch,GKoch31@gmail.com,3 - March,google
46655,Diana,Mcpherson,DMcpherson72@gmail.com,1 - January,yahoo
46739,Helen,Wells,HWells15@gmail.com,3 - March,facebook
46749,Pamela,Meadows,PMeadows85@gmail.com,1 - January,yahoo
46771,Lauren,Stephenson,LStephenson29@gmail.com,1 - January,twitter
46779,Adam,Lambert,ALambert60@gmail.com,2 - February,facebook
46842,Helen,Aguilar,HAguilar75@gmail.com,3 - March,google
46885,Olivia,Chandler,OChandler48@gmail.com,2 - February,facebook
46890,Carolyn,Herrera,CHerrera9@gmail.com,1 - January,google
46937,Paul,Bass,PBass79@gmail.com,2 - February,facebook
46968,Bruce,Haney,BHaney21@gmail.com,3 - March,yahoo
47002,Ralph,Haney,RHaney42@gmail.com,1 - January,google
47010,Stephanie,Townsend,STownsend90@gmail.com,3 - March,google
47024,Ralph,Mclean,RMclean89@gmail.com,1 - January,facebook
47056,Stephanie,Walls,SWalls10@gmail.com,3 - March,yahoo
47079,Jeffrey,Peters,JPeters44@gmail.com,3 - March,email
47083,Donald,Tillman,DTillman98@gmail.com,3 - March,google
47173,Brenda,Salas,BSalas95@gmail.com,1 - January,yahoo
47184,Nicholas,Joyce,NJoyce44@gmail.com,3 - March,twitter
47249,Elizabeth,Prince,EPrince30@gmail.com,1 - January,twitter
47261,Grace,Lambert,GLambert51@gmail.com,2 - February,yahoo
47304,Paul,Preston,PPreston87@gmail.com,2 - February,yahoo
47345,Dennis,Key,DKey67@gmail.com,2 - February,yahoo
47389,Lauren,Caldwell,LCaldwell41@gmail.com,3 - March,yahoo
47547,Jesse,Tillman,JTillman22@gmail.com,2 - February,google
47567,Grace,Booker,GBooker19@gmail.com,3 - March,twitter
47587,Melissa,Payne,MPayne8@gmail.com,3 - March,email
47643,Ralph,Key,RKey68@gmail.com,3 - March,facebook
47645,Ethan,Osborne,EOsborne36@gmail.com,1 - January,twitter
47667,Richard,Ochoa,ROchoa56@gmail.com,3 - March,twitter
47700,Jean,Ochoa,JOchoa45@gmail.com,3 - March,twitter
47707,Louis,Mclean,LMclean89@gmail.com,3 - March,facebook
47737,Lawrence,Walls,LWalls45@gmail.com,3 - March,twitter
47747,Jean,Salas,JSalas37@gmail.com,3 - March,email
47750,Linda,Townsend,LTownsend61@gmail.com,2 - February,facebook
47784,David,Hoffman,DHoffman11@gmail.com,1 - January,facebook
47793,Linda,Warren,LWarren22@gmail.com,1 - January,facebook
47797,Karen,Aguilar,KAguilar22@gmail.com,1 - January,twitter
47827,Karen,Caldwell,KCaldwell65@gmail.com,2 - February,google
47872,Diana,Santana,DSantana30@gmail.com,1 - January,yahoo
47880,Jean,Ford,JFord89@gmail.com,3 - March,facebook
47930,Benjamin,Stanley,BStanley13@gmail.com,2 - February,google
47957,Melissa,Walls,MWalls80@gmail.com,2 - February,twitter
47965,Nicholas,Meadows,NMeadows8@gmail.com,3 - March,twitter
47988,Carolyn,Meadows,CMeadows86@gmail.com,1 - January,google
47997,Donald,Caldwell,DCaldwell91@gmail.com,2 - February,yahoo
48026,Charles,Payne,CPayne88@gmail.com,2 - February,yahoo
48038,Jeffrey,Tillman,JTillman54@gmail.com,1 - January,yahoo
48119,Brenda,Hammond,BHammond77@gmail.com,2 - February,google
48152,Ethan,Ford,EFord28@gmail.com,3 - March,facebook
48165,Sarah,Joyce,SJoyce39@gmail.com,3 - March,facebook
48188,Jean,Mcpherson,JMcpherson78@gmail.com,2 - February,facebook
48197,Dennis,Schultz,DSchultz86@gmail.com,2 - February,email
48200,Adam,Jacobson,AJacobson74@gmail.com,3 - March,facebook
48206,Jean,Caldwell,JCaldwell8@gmail.com,3 - March,facebook
48270,David,Hammond,DHammond48@gmail.com,3 - March,email
48314,Frances,Booker,FBooker54@gmail.com,1 - January,google
48331,Ethan,Jacobson,EJacobson87@gmail.com,2 - February,facebook
48393,Diana,Stanley,DStanley1@gmail.com,2 - February,facebook
48449,William,Joyce,WJoyce17@gmail.com,2 - February,email
48523,Sandra,Meadows,SMeadows11@gmail.com,1 - January,facebook
48532,Teresa,Webb,TWebb19@gmail.com,1 - January,google
48602,Adam,Hines,AHines94@gmail.com,1 - January,twitter
48603,Megan,Santana,MSantana70@gmail.com,2 - February,yahoo
48616,Daniel,Herrera,DHerrera5@gmail.com,3 - March,google
48657,Donald,Diaz,DDiaz34@gmail.com,1 - January,facebook
48671,Dennis,Tillman,DTillman29@gmail.com,1 - January,facebook
48684,Joyce,Middleton,JMiddleton5@gmail.com,2 - February,google
48696,Bruce,Joyce,BJoyce36@gmail.com,1 - January,yahoo
48752,David,Strickland,DStrickland25@gmail.com,2 - February,yahoo
48800,Donald,Walls,DWalls7@gmail.com,1 - January,facebook
48918,Samantha,Middleton,SMiddleton32@gmail.com,3 - March,yahoo
48970,Denise,Joyce,DJoyce29@gmail.com,2 - February,yahoo
48986,Sandra,Wilkerson,SWilkerson11@gmail.com,3 - March,facebook
48987,Helen,Tillman,HTillman23@gmail.com,2 - February,facebook
49066,Grace,Wells,GWells2@gmail.com,2 - February,google
49117,Ronald,Santana,RSantana78@gmail.com,1 - January,facebook
49169,Donald,Hines,DHines4@gmail.com,3 - March,yahoo
49221,Logan,Mclean,LMclean65@gmail.com,3 - March,google
49229,Lauren,Wells,LWells49@gmail.com,3 - March,twitter
49273,Zachary,Mclean,ZMclean21@gmail.com,1 - January,yahoo
49302,Ethan,Hoffman,EHoffman59@gmail.com,2 - February,yahoo
49316,Denise,Koch,DKoch75@gmail.com,2 - February,yahoo
49349,Alice,Caldwell,ACaldwell48@gmail.com,1 - January,google
49351,Diana,Middleton,DMiddleton20@gmail.com,2 - February,facebook
49353,Carolyn,Jacobson,CJacobson41@gmail.com,2 - February,twitter
49363,Megan,Haney,MHaney86@gmail.com,2 - February,google
49375,Benjamin,Key,BKey36@gmail.com,3 - March,google
49397,Diana,Hammond,DHammond26@gmail.com,3 - March,google
49460,Marie,Ochoa,MOchoa39@gmail.com,2 - February,twitter
49478,Paul,Peters,PPeters1@gmail.com,2 - February,facebook
49498,Grace,Chandler,GChandler60@gmail.com,1 - January,google
49500,Brandon,Middleton,BMiddleton30@gmail.com,2 - February,twitter
49563,Megan,Haney,MHaney56@gmail.com,3 - March,facebook
49575,Elizabeth,Ochoa,EOchoa44@gmail.com,2 - February,facebook
49576,Logan,Meadows,LMeadows2@gmail.com,1 - January,facebook
49582,Logan,Haney,LHaney64@gmail.com,2 - February,google
49590,Ethan,Booker,EBooker59@gmail.com,3 - March,yahoo
49608,Lawrence,Peters,LPeters15@gmail.com,1 - January,yahoo
49651,Sandra,Hammond,SHammond2@gmail.com,3 - March,google
49656,Megan,Lambert,MLambert31@gmail.com,2 - February,facebook
49666,Joyce,Hammond,JHammond39@gmail.com,1 - January,facebook
49720,Jean,Herrera,JHerrera63@gmail.com,2 - February,facebook
49728,Daniel,Meadows,DMeadows58@gmail.com,3 - March,facebook
49746,Gerald,Chandler,GChandler21@gmail.com,3 - March,facebook
49763,Dennis,Walls,DWalls7@gmail.com,2 - February,facebook
49769,Richard,Webb,RWebb8@gmail.com,1 - January,yahoo
49838,Linda,Warren,LWarren65@gmail.com,1 - January,email
49855,Linda,Meadows,LMeadows34@gmail.com,1 - January,google
49857,Stephanie,Joyce,SJoyce35@gmail.com,2 - February,google
49874,Jean,Salas,JSalas6@gmail.com,1 - January,yahoo
49893,Teresa,Lambert,TLambert13@gmail.com,1 - January,google
49935,Bruce,Lambert,BLambert29@gmail.com,1 - January,twitter
49965,Melissa,Mclean,MMclean22@gmail.com,1 - January,facebook
50191,Donald,Diaz,DDiaz56@gmail.com,2 - February,facebook
50234,Megan,Lambert,MLambert90@gmail.com,2 - February,yahoo
50243,Sarah,Warren,SWarren71@gmail.com,3 - March,email
50306,Gerald,Ford,GFord68@gmail.com,3 - March,google
50341,Grace,Townsend,GTownsend96@gmail.com,3 - March,facebook
50410,Brenda,Booker,BBooker16@gmail.com,1 - January,yahoo
50433,Scott,Aguilar,SAguilar4@gmail.com,2 - February,yahoo
50458,Diana,Mclean,DMclean38@gmail.com,2 - February,email
50481,David,Lambert,DLambert83@gmail.com,2 - February,facebook
50501,Stephanie,Hammond,SHammond18@gmail.com,2 - February,yahoo
50577,David,Caldwell,DCaldwell83@gmail.com,3 - March,yahoo
50601,Alice,Aguilar,AAguilar5@gmail.com,3 - March,email
50645,Grace,Salas,GSalas17@gmail.com,2 - February,email
50660,Adam,Joyce,AJoyce3@gmail.com,1 - January,yahoo
50756,Olivia,Jacobson,OJacobson90@gmail.com,3 - March,yahoo
50824,Charles,Townsend,CTownsend32@gmail.com,2 - February,twitter
50846,Linda,Preston,LPreston73@gmail.com,2 - February,yahoo
50857,Helen,Wells,HWells57@gmail.com,3 - March,google
50919,Lauren,Warren,LWarren66@gmail.com,3 - March,facebook
50944,Diana,Mclean,DMclean58@gmail.com,2 - February,facebook
50964,Ronald,Stephenson,RStephenson36@gmail.com,2 - February,google
50966,Elizabeth,Preston,EPreston86@gmail.com,1 - January,yahoo
50970,Jean,Preston,JPreston94@gmail.com,3 - March,facebook
51012,Helen,Tillman,HTillman96@gmail.com,2 - February,google
51044,Melissa,Strickland,MStrickland24@gmail.com,1 - January,twitter
51059,Megan,Schultz,MSchultz60@gmail.com,2 - February,google
51072,Carolyn,Haney,CHaney91@gmail.com,2 - February,facebook
51102,Ronald,Diaz,RDiaz21@gmail.com,1 - January,email
51136,Melissa,Ochoa,MOchoa53@gmail.com,2 - February,yahoo
51149,Logan,Walls,LWalls97@gmail.com,3 - March,twitter
51150,William,Warren,WWarren52@gmail.com,3 - March,facebook
51168,Gerald,Mcpherson,GMcpherson59@gmail.com,1 - January,twitter
51173,Paul,Salas,PSalas84@gmail.com,3 - March,yahoo
51184,Paul,Joyce,PJoyce36@gmail.com,1 - January,facebook
51193,Melissa,Walls,MWalls15@gmail.com,2 - February,google
51207,Lawrence,Mcpherson,LMcpherson32@gmail.com,3 - March,email
51216,Louis,Tillman,LTillman7@gmail.com,3 - March,facebook
51220,Bruce,Ford,BFord76@gmail.com,1 - January,yahoo
51228,Teresa,Townsend,TTownsend97@gmail.com,1 - January,google
51262,Nicholas,Warren,NWarren13@gmail.com,3 - March,yahoo
51309,Brenda,Ochoa,BOchoa18@gmail.com,3 - March,google
51331,Richard,Ford,RFord26@gmail.com,1 - January,google
51333,Sarah,Haney,SHaney55@gmail.com,2 - February,twitter
51342,Teresa,Meadows,TMeadows36@gmail.com,2 - February,yahoo
51347,Teresa,Salas,TSalas69@gmail.com,1 - January,facebook
51353,Logan,Diaz,LDiaz61@gmail.com,2 - February,facebook
51462,Elizabeth,Herrera,EHerrera1@gmail.com,1 - January,yahoo
51471,Bruce,Caldwell,BCaldwell87@gmail.com,1 - January,email
51472,Melissa,Peters,MPeters34@gmail.com,2 - February,email
51482,Donald,Hammond,DHammond74@gmail.com,3 - March,facebook
51486,Louis,Payne,LPayne59@gmail.com,3 - March,google
51512,Carolyn,Stanley,CStanley22@gmail.com,3 - March,yahoo
51513,Jeffrey,Payne,JPayne52@gmail.com,2 - February,google
51588,Carolyn,Diaz,CDiaz79@gmail.com,3 - March,yahoo
51591,Jean,Hammond,JHammond56@gmail.com,1 - January,facebook
51618,Samantha,Chandler,SChandler85@gmail.com,3 - March,twitter
51652,Lauren,Townsend,LTownsend26@gmail.com,1 - January,google
51670,Nicholas,Meadows,NMeadows2@gmail.com,3 - March,facebook
51674,Diana,Warren,DWarren82@gmail.com,1 - January,email
51676,Frances,Stephenson,FStephenson9@gmail.com,2 - February,twitter
51704,Adam,Stephenson,AStephenson91@gmail.com,3 - March,google
51724,Brenda,Chandler,BChandler53@gmail.com,1 - January,email
51799,Frances,Lambert,FLambert45@gmail.com,3 - March,twitter
51820,Sarah,Schultz,SSchultz96@gmail.com,3 - March,facebook
51853,Teresa,Warren,TWarren62@gmail.com,3 - March,google
51855,Ethan,Wilkerson,EWilkerson53@gmail.com,2 - February,twitter
51864,Sarah,Stephenson,SStephenson95@gmail.com,1 - January,facebook
51910,Linda,Bass,LBass12@gmail.com,2 - February,google
51948,Ethan,Peters,EPeters42@gmail.com,1 - January,yahoo
51963,Pamela,Schultz,PSchultz10@gmail.com,3 - March,facebook
51983,Karen,Ford,KFord64@gmail.com,1 - January,twitter
51996,Ronald,Hammond,RHammond25@gmail.com,2 - February,facebook
52065,Jeffrey,Lambert,JLambert50@gmail.com,1 - January,twitter
52132,Stephanie,Meadows,SMeadows77@gmail.com,2 - February,email
52160,Dennis,Hoffman,DHoffman19@gmail.com,3 - March,twitter
52179,Jesse,Peters,JPeters93@gmail.com,1 - January,yahoo
52217,Jesse,Joyce,JJoyce63@gmail.com,1 - January,twitter
52229,Bruce,Wells,BWells6@gmail.com,3 - March,twitter
52294,Elizabeth,Hines,EHines46@gmail.com,1 - January,facebook
52320,Frances,Middleton,FMiddleton47@gmail.com,3 - March,twitter
52336,Elizabeth,Peters,EPeters36@gmail.com,1 - January,google
52344,Charles,Hoffman,CHoffman96@gmail.com,3 - March,google
52372,Melissa,Joyce,MJoyce66@gmail.com,3 - March,email
52384,Scott,Koch,SKoch52@gmail.com,2 - February,email
52413,William,Webb,WWebb19@gmail.com,2 - February,yahoo
52436,Charles,Townsend,CTownsend99@gmail.com,2 - February,facebook
52501,Olivia,Ford,OFord75@gmail.com,2 - February,yahoo
52516,William,Osborne,WOsborne46@gmail.com,2 - February,facebook
52567,Brenda,Jacobson,BJacobson4@gmail.com,1 - January,facebook
52568,Charles,Tillman,CTillman59@gmail.com,3 - March,yahoo
52600,Scott,Jacobson,SJacobson28@gmail.com,2 - February,facebook
52604,Frances,Stephenson,FStephenson68@gmail.com,2 - February,yahoo
52624,Brandon,Walls,BWalls70@gmail.com,3 - March,google
52626,Benjamin,Tillman,BTillman86@gmail.com,2 - February,google
52636,Scott,Webb,SWebb92@gmail.com,1 - January,google
52647,David,Aguilar,DAguilar57@gmail.com,1 - January,yahoo
52688,Richard,Lambert,RLambert42@gmail.com,1 - January,facebook
52712,David,Bass,DBass39@gmail.com,2 - February,google
52746,Olivia,Hammond,OHammond59@gmail.com,3 - March,email
52769,Teresa,Wilkerson,TWilkerson86@gmail.com,3 - March,yahoo
52778,Bruce,Mcpherson,BMcpherson58@gmail.com,2 - February,facebook
52844,Logan,Caldwell,LCaldwell31@gmail.com,2 - February,facebook
52848,Adam,Warren,AWarren85@gmail.com,1 - January,yahoo
52907,Brenda,Joyce,BJoyce78@gmail.com,3 - March,yahoo
52909,Ralph,Chandler,RChandler54@gmail.com,2 - February,email
52922,Louis,Lambert,LLambert67@gmail.com,1 - January,facebook
53025,Olivia,Bass,OBass99@gmail.com,1 - January,twitter
53050,Gerald,Wells,GWells33@gmail.com,2 - February,email
53152,Marie,Bass,MBass81@gmail.com,2 - February,email
53207,Frances,Lambert,FLambert53@gmail.com,2 - February,twitter
53279,Sandra,Preston,SPreston85@gmail.com,3 - March,twitter
53286,Benjamin,Payne,BPayne8@gmail.com,1 - January,google
53287,Gerald,Koch,GKoch59@gmail.com,3 - March,google
53288,Lawrence,Ochoa,LOchoa58@gmail.com,3 - March,email
53327,Brenda,Payne,BPayne6@gmail.com,1 - January,facebook
53332,Ronald,Preston,RPreston68@gmail.com,1 - January,twitter
53365,Paul,Strickland,PStrickland86@gmail.com,2 - February,facebook
53389,Gerald,Key,GKey80@gmail.com,2 - February,facebook
53392,Stephanie,Townsend,STownsend17@gmail.com,3 - March,yahoo
53393,Dennis,Osborne,DOsborne28@gmail.com,3 - March,twitter
53412,Nicholas,Herrera,NHerrera86@gmail.com,1 - January,google
53418,Charles,Prince,CPrince60@gmail.com,3 - March,email
53425,William,Lambert,WLambert95@gmail.com,2 - February,google
53426,Dennis,Booker,DBooker75@gmail.com,1 - January,yahoo
53452,Adam,Caldwell,ACaldwell27@gmail.com,2 - February,yahoo
53456,Melissa,Hoffman,MHoffman60@gmail.com,1 - January,yahoo
53488,Benjamin,Aguilar,BAguilar52@gmail.com,2 - February,yahoo
53598,Ronald,Hines,RHines41@gmail.com,2 - February,email
53634,Gregory,Hoffman,GHoffman38@gmail.com,2 - February,facebook
53652,Brandon,Hammond,BHammond59@gmail.com,1 - January,yahoo
53721,Teresa,Joyce,TJoyce96@gmail.com,1 - January,facebook
53724,Gregory,Prince,GPrince10@gmail.com,3 - March,twitter
53746,Samantha,Mclean,SMclean33@gmail.com,1 - January,yahoo
53864,Donald,Wells,DWells47@gmail.com,2 - February,yahoo
53874,Elizabeth,Salas,ESalas18@gmail.com,1 - January,twitter
53895,Teresa,Lambert,TLambert42@gmail.com,3 - March,yahoo
53908,Gregory,Peters,GPeters36@gmail.com,1 - January,google
53914,Daniel,Walls,DWalls83@gmail.com,2 - February,google
53917,Pamela,Wells,PWells15@gmail.com,3 - March,yahoo
53963,Karen,Wilkerson,KWilkerson97@gmail.com,2 - February,email
54000,Adam,Key,AKey66@gmail.com,3 - March,twitter
54017,Melissa,Hines,MHines59@gmail.com,2 - February,facebook
54057,Frances,Joyce,FJoyce93@gmail.com,1 - January,google
54062,Benjamin,Stephenson,BStephenson74@gmail.com,3 - March,google
54068,Donald,Wilkerson,DWilkerson28@gmail.com,3 - March,facebook
54140,Ralph,Tillman,RTillman17@gmail.com,2 - February,facebook
54185,Daniel,Meadows,DMeadows87@gmail.com,3 - March,facebook
54231,Grace,Osborne,GOsborne99@gmail.com,3 - March,google
54236,Carolyn,Caldwell,CCaldwell36@gmail.com,3 - March,yahoo
54272,Ronald,Haney,RHaney55@gmail.com,2 - February,facebook
54504,Charles,Tillman,CTillman39@gmail.com,2 - February,google
54541,Paul,Koch,PKoch24@gmail.com,3 - March,google
54585,Pamela,Schultz,PSchultz51@gmail.com,1 - January,google
54657,Scott,Key,SKey33@gmail.com,3 - March,google
54744,Olivia,Hoffman,OHoffman49@gmail.com,3 - March,facebook
54749,Sarah,Strickland,SStrickland44@gmail.com,1 - January,twitter
54754,Brenda,Meadows,BMeadows90@gmail.com,1 - January,yahoo
54801,Charles,Caldwell,CCaldwell21@gmail.com,3 - March,google
54825,Karen,Chandler,KChandler23@gmail.com,2 - February,facebook
54875,Carolyn,Hammond,CHammond34@gmail.com,1 - January,facebook
54882,Diana,Jacobson,DJacobson28@gmail.com,3 - March,google
54932,Paul,Stephenson,PStephenson79@gmail.com,2 - February,email
54939,Daniel,Diaz,DDiaz18@gmail.com,1 - January,twitter
55015,Jean,Ochoa,JOchoa65@gmail.com,2 - February,email
55029,Pamela,Koch,PKoch61@gmail.com,2 - February,yahoo
55033,Richard,Osborne,ROsborne78@gmail.com,1 - January,yahoo
55075,Samantha,Meadows,SMeadows52@gmail.com,2 - February,facebook
55082,Diana,Booker,DBooker6@gmail.com,3 - March,google
55157,Diana,Webb,DWebb99@gmail.com,1 - January,yahoo
55224,Teresa,Stephenson,TStephenson78@gmail.com,1 - January,yahoo
55258,Grace,Strickland,GStrickland91@gmail.com,2 - February,yahoo
55309,Linda,Preston,LPreston56@gmail.com,2 - February,google
55327,Helen,Ochoa,HOchoa72@gmail.com,3 - March,google
55481,Daniel,Lambert,DLambert2@gmail.com,2 - February,twitter
55504,Brandon,Middleton,BMiddleton30@gmail.com,3 - March,google
55603,Paul,Walls,PWalls80@gmail.com,1 - January,twitter
55653,Carolyn,Joyce,CJoyce51@gmail.com,1 - January,twitter
55718,David,Mcpherson,DMcpherson37@gmail.com,1 - January,twitter
55735,Brenda,Walls,BWalls83@gmail.com,2 - February,yahoo
55793,Paul,Payne,PPayne31@gmail.com,1 - January,facebook
55830,Marie,Stanley,MStanley29@gmail.com,1 - January,facebook
55851,Marie,Joyce,MJoyce17@gmail.com,2 - February,yahoo
55870,Richard,Bass,RBass84@gmail.com,1 - January,email
55934,Ronald,Chandler,RChandler29@gmail.com,2 - February,email
55955,Brenda,Peters,BPeters83@gmail.com,3 - March,twitter
55957,Jean,Tillman,JTillman81@gmail.com,2 - February,twitter
56009,Jean,Peters,JPeters32@gmail.com,1 - January,email
56023,Adam,Peters,APeters89@gmail.com,3 - March,facebook
56032,Lawrence,Ochoa,LOchoa44@gmail.com,2 - February,email
56073,Richard,Osborne,ROsborne33@gmail.com,1 - January,email
56076,Bruce,Ochoa,BOchoa19@gmail.com,3 - March,yahoo
56112,Stephanie,Walls,SWalls35@gmail.com,1 - January,facebook
56125,Paul,Haney,PHaney31@gmail.com,3 - March,yahoo
56152,Diana,Middleton,DMiddleton66@gmail.com,1 - January,email
56179,Richard,Townsend,RTownsend80@gmail.com,1 - January,twitter
56186,Jesse,Mcpherson,JMcpherson58@gmail.com,3 - March,facebook
56210,Sandra,Warren,SWarren36@gmail.com,2 - February,yahoo
56219,Marie,Mclean,MMclean67@gmail.com,3 - March,yahoo
56230,Olivia,Santana,OSantana88@gmail.com,2 - February,email
56254,William,Key,WKey37@gmail.com,2 - February,yahoo
56312,Pamela,Hoffman,PHoffman77@gmail.com,1 - January,facebook
56346,Karen,Payne,KPayne36@gmail.com,3 - March,facebook
56447,Adam,Joyce,AJoyce90@gmail.com,2 - February,twitter
56504,Scott,Hines,SHines31@gmail.com,2 - February,yahoo
56531,Charles,Tillman,CTillman6@gmail.com,2 - February,twitter
56562,Ralph,Hoffman,RHoffman99@gmail.com,3 - March,facebook
56727,Teresa,Walls,TWalls73@gmail.com,3 - March,yahoo
56748,Benjamin,Koch,BKoch13@gmail.com,3 - March,google
56752,Samantha,Payne,SPayne28@gmail.com,1 - January,email
56769,Richard,Wilkerson,RWilkerson23@gmail.com,2 - February,twitter
56787,Richard,Diaz,RDiaz92@gmail.com,1 - January,facebook
56840,Zachary,Schultz,ZSchultz8@gmail.com,3 - March,facebook
56890,Marie,Wilkerson,MWilkerson70@gmail.com,3 - March,facebook
56900,Samantha,Ochoa,SOchoa79@gmail.com,2 - February,yahoo
57011,Lawrence,Walls,LWalls58@gmail.com,3 - March,yahoo
57026,Logan,Webb,LWebb91@gmail.com,3 - March,yahoo
57039,Louis,Herrera,LHerrera54@gmail.com,2 - February,facebook
57109,Joyce,Ochoa,JOchoa25@gmail.com,3 - March,facebook
57174,Nicholas,Webb,NWebb26@gmail.com,1 - January,facebook
57202,William,Jacobson,WJacobson73@gmail.com,1 - January,facebook
57265,Karen,Hammond,KHammond70@gmail.com,2 - February,yahoo
57277,Logan,Salas,LSalas54@gmail.com,3 - March,twitter
57281,Jean,Mclean,JMclean79@gmail.com,2 - February,email
57301,Scott,Haney,SHaney2@gmail.com,3 - March,facebook
57307,David,Peters,DPeters48@gmail.com,3 - March,email
57329,Lauren,Strickland,LStrickland50@gmail.com,3 - March,google
57349,Jeffrey,Stephenson,JStephenson59@gmail.com,3 - March,email
57377,Carolyn,Herrera,CHerrera22@gmail.com,1 - January,facebook
57379,Stephanie,Salas,SSalas87@gmail.com,3 - March,google
57400,Denise,Townsend,DTownsend91@gmail.com,1 - January,twitter
57419,Karen,Meadows,KMeadows15@gmail.com,1 - January,google
57425,Bruce,Wells,BWells40@gmail.com,1 - January,facebook
57443,Richard,Walls,RWalls41@gmail.com,3 - March,facebook
57484,Alice,Santana,ASantana1@gmail.com,2 - February,twitter
57498,Sarah,Wilkerson,SWilkerson74@gmail.com,1 - January,yahoo
57537,Gerald,Wells,GWells70@gmail.com,3 - March,twitter
57555,Alice,Mcpherson,AMcpherson19@gmail.com,3 - March,facebook
57560,Grace,Lambert,GLambert69@gmail.com,3 - March,yahoo
57571,Benjamin,Hammond,BHammond91@gmail.com,2 - February,yahoo
57624,William,Stanley,WStanley59@gmail.com,2 - February,twitter
57641,Daniel,Joyce,DJoyce53@gmail.com,3 - March,yahoo
57652,Pamela,Herrera,PHerrera55@gmail.com,3 - March,twitter
57659,Paul,Hammond,PHammond58@gmail.com,3 - March,twitter
57749,Grace,Prince,GPrince57@gmail.com,2 - February,twitter
57819,Charles,Wells,CWells46@gmail.com,1 - January,facebook
57851,Helen,Mcpherson,HMcpherson58@gmail.com,1 - January,facebook
57895,Pamela,Hines,PHines98@gmail.com,2 - February,yahoo
57931,Brenda,Schultz,BSchultz94@gmail.com,2 - February,twitter
57943,Zachary,Booker,ZBooker20@gmail.com,1 - January,email
58029,Scott,Chandler,SChandler91@gmail.com,1 - January,twitter
58033,Zachary,Mclean,ZMclean19@gmail.com,3 - March,yahoo
58050,Donald,Stephenson,DStephenson21@gmail.com,1 - January,yahoo
58163,Megan,Townsend,MTownsend63@gmail.com,2 - February,google
58258,Stephanie,Key,SKey84@gmail.com,2 - February,google
58265,Sandra,Hines,SHines56@gmail.com,2 - February,email
58310,Melissa,Wilkerson,MWilkerson62@gmail.com,3 - March,email
58351,Charles,Salas,CSalas78@gmail.com,3 - March,twitter
58354,Samantha,Osborne,SOsborne73@gmail.com,3 - March,twitter
58356,Linda,Hines,LHines20@gmail.com,2 - February,facebook
58374,Brenda,Jacobson,BJacobson42@gmail.com,2 - February,yahoo
58380,Lauren,Ochoa,LOchoa91@gmail.com,3 - March,facebook
58404,Grace,Hammond,GHammond52@gmail.com,2 - February,google
58448,Jeffrey,Wells,JWells2@gmail.com,1 - January,facebook
58473,Brandon,Meadows,BMeadows14@gmail.com,2 - February,facebook
58480,Grace,Walls,GWalls49@gmail.com,1 - January,facebook
58487,David,Herrera,DHerrera57@gmail.com,1 - January,google
58492,Karen,Hines,KHines18@gmail.com,2 - February,twitter
58571,Karen,Santana,KSantana83@gmail.com,2 - February,yahoo
58608,Denise,Wells,DWells92@gmail.com,1 - January,yahoo
58702,Joyce,Walls,JWalls17@gmail.com,2 - February,email
58714,Dennis,Payne,DPayne41@gmail.com,1 - January,facebook
58722,Zachary,Warren,ZWarren93@gmail.com,1 - January,facebook
58730,Helen,Hoffman,HHoffman20@gmail.com,1 - January,facebook
58740,William,Santana,WSantana2@gmail.com,1 - January,twitter
58760,Sarah,Bass,SBass74@gmail.com,1 - January,facebook
58843,Adam,Chandler,AChandler8@gmail.com,2 - February,google
58865,Paul,Diaz,PDiaz63@gmail.com,2 - February,yahoo
58887,Donald,Santana,DSantana46@gmail.com,1 - January,twitter
58891,Ralph,Jacobson,RJacobson53@gmail.com,2 - February,yahoo
58909,Gerald,Herrera,GHerrera1@gmail.com,3 - March,google
58915,Alice,Chandler,AChandler47@gmail.com,3 - March,facebook
58927,Melissa,Mclean,MMclean87@gmail.com,1 - January,google
58929,Donald,Webb,DWebb46@gmail.com,3 - March,facebook
58979,Benjamin,Peters,BPeters65@gmail.com,2 - February,yahoo
59005,Alice,Peters,APeters28@gmail.com,2 - February,facebook
59051,David,Salas,DSalas78@gmail.com,1 - January,twitter
59054,Louis,Stephenson,LStephenson21@gmail.com,2 - February,google
59055,Teresa,Hammond,THammond60@gmail.com,1 - January,twitter
59155,Lawrence,Ford,LFord89@gmail.com,3 - March,google
59170,Alice,Wells,AWells66@gmail.com,3 - March,yahoo
59183,Ronald,Middleton,RMiddleton22@gmail.com,2 - February,google
59207,Elizabeth,Hines,EHines88@gmail.com,2 - February,google
59250,Joyce,Hoffman,JHoffman31@gmail.com,3 - March,google
59284,Elizabeth,Koch,EKoch39@gmail.com,1 - January,facebook
59351,Brandon,Salas,BSalas85@gmail.com,1 - January,twitter
59359,Daniel,Warren,DWarren12@gmail.com,1 - January,google
59424,Denise,Stephenson,DStephenson99@gmail.com,1 - January,facebook
59425,Denise,Herrera,DHerrera48@gmail.com,1 - January,email
59454,Brandon,Salas,BSalas17@gmail.com,3 - March,google
59479,Jeffrey,Ochoa,JOchoa88@gmail.com,3 - March,yahoo
59514,Paul,Strickland,PStrickland33@gmail.com,3 - March,google
59526,Lawrence,Joyce,LJoyce17@gmail.com,3 - March,yahoo
59559,Ralph,Booker,RBooker85@gmail.com,1 - January,email
59601,Diana,Lambert,DLambert13@gmail.com,2 - February,facebook
59615,Benjamin,Chandler,BChandler38@gmail.com,3 - March,twitter
59638,Paul,Middleton,PMiddleton49@gmail.com,1 - January,google
59664,Lauren,Jacobson,LJacobson83@gmail.com,3 - March,email
59749,Olivia,Herrera,OHerrera18@gmail.com,2 - February,facebook
59767,Helen,Schultz,HSchultz99@gmail.com,3 - March,facebook
59790,Louis,Bass,LBass44@gmail.com,1 - January,facebook
59807,Jean,Payne,JPayne95@gmail.com,2 - February,facebook
59832,Denise,Koch,DKoch40@gmail.com,1 - January,google
59844,William,Wells,WWells56@gmail.com,3 - March,facebook
59845,Ronald,Wilkerson,RWilkerson31@gmail.com,2 - February,google
59866,Brenda,Haney,BHaney59@gmail.com,1 - January,google
59873,Logan,Lambert,LLambert12@gmail.com,3 - March,google
59903,Charles,Strickland,CStrickland35@gmail.com,1 - January,google
59931,Brandon,Caldwell,BCaldwell62@gmail.com,1 - January,email
59993,Linda,Meadows,LMeadows21@gmail.com,1 - January,facebook
59996,Dennis,Key,DKey98@gmail.com,1 - January,twitter
60014,Louis,Lambert,LLambert99@gmail.com,3 - March,google
60019,Diana,Walls,DWalls68@gmail.com,1 - January,google
60023,Lawrence,Chandler,LChandler56@gmail.com,3 - March,facebook
60040,Lawrence,Herrera,LHerrera52@gmail.com,2 - February,yahoo
60140,Nicholas,Stephenson,NStephenson29@gmail.com,1 - January,yahoo
60173,Helen,Caldwell,HCaldwell56@gmail.com,2 - February,twitter
60277,Samantha,Salas,SSalas66@gmail.com,3 - March,facebook
60299,Carolyn,Middleton,CMiddleton99@gmail.com,1 - January,twitter
60307,Karen,Mclean,KMclean27@gmail.com,3 - March,google
60338,Benjamin,Aguilar,BAguilar17@gmail.com,2 - February,twitter
60350,Carolyn,Payne,CPayne80@gmail.com,1 - January,google
60353,Frances,Townsend,FTownsend39@gmail.com,3 - March,yahoo
60377,Helen,Wilkerson,HWilkerson11@gmail.com,2 - February,facebook
60418,Zachary,Salas,ZSalas89@gmail.com,3 - March,facebook
60446,Ethan,Chandler,EChandler79@gmail.com,1 - January,twitter
60449,Samantha,Schultz,SSchultz69@gmail.com,1 - January,yahoo
60488,Denise,Townsend,DTownsend33@gmail.com,1 - January,google
60532,Jean,Stephenson,JStephenson46@gmail.com,1 - January,google
60579,Daniel,Ford,DFord30@gmail.com,1 - January,google
60625,Elizabeth,Joyce,EJoyce13@gmail.com,3 - March,yahoo
60666,Lawrence,Warren,LWarren10@gmail.com,2 - February,facebook
60667,Daniel,Booker,DBooker93@gmail.com,3 - March,yahoo
60738,Adam,Booker,ABooker91@gmail.com,3 - March,facebook
60768,Dennis,Strickland,DStrickland59@gmail.com,3 - March,twitter
60778,Frances,Salas,FSalas78@gmail.com,3 - March,google
60783,Zachary,Caldwell,ZCaldwell90@gmail.com,2 - February,yahoo
60793,Scott,Wells,SWells49@gmail.com,2 - February,google
60797,Zachary,Preston,ZPreston71@gmail.com,1 - January,twitter
60864,Scott,Ochoa,SOchoa98@gmail.com,3 - March,email
60875,Elizabeth,Preston,EPreston99@gmail.com,2 - February,twitter
60891,Adam,Hoffman,AHoffman75@gmail.com,3 - March,google
60915,Donald,Herrera,DHerrera48@gmail.com,3 - March,google
60916,Zachary,Salas,ZSalas18@gmail.com,2 - February,google
60917,Louis,Joyce,LJoyce33@gmail.com,1 - January,yahoo
60930,Grace,Strickland,GStrickland43@gmail.com,1 - January,twitter
60940,Brenda,Wells,BWells86@gmail.com,3 - March,twitter
60990,David,Mclean,DMclean23@gmail.com,2 - February,facebook
60997,Teresa,Lambert,TLambert73@gmail.com,3 - March,twitter
61007,Grace,Middleton,GMiddleton43@gmail.com,2 - February,twitter
61023,Carolyn,Warren,CWarren14@gmail.com,3 - March,yahoo
61060,Scott,Schultz,SSchultz95@gmail.com,3 - March,yahoo
61076,Brandon,Webb,BWebb36@gmail.com,3 - March,yahoo
61081,Jeffrey,Stanley,JStanley34@gmail.com,1 - January,twitter
61097,Marie,Stanley,MStanley32@gmail.com,3 - March,google
61111,Bruce,Koch,BKoch29@gmail.com,1 - January,facebook
61116,Zachary,Middleton,ZMiddleton96@gmail.com,3 - March,yahoo
61117,Linda,Strickland,LStrickland67@gmail.com,3 - March,facebook
61202,Linda,Schultz,LSchultz17@gmail.com,3 - March,email
61211,William,Lambert,WLambert39@gmail.com,2 - February,yahoo
61219,Sarah,Salas,SSalas29@gmail.com,3 - March,facebook
61249,Logan,Townsend,LTownsend32@gmail.com,3 - March,email
61269,Brenda,Prince,BPrince94@gmail.com,3 - March,yahoo
61290,Jeffrey,Payne,JPayne38@gmail.com,2 - February,facebook
61292,Denise,Koch,DKoch66@gmail.com,3 - March,yahoo
61347,Daniel,Key,DKey31@gmail.com,2 - February,facebook
61576,Jeffrey,Meadows,JMeadows29@gmail.com,1 - January,email
61648,Stephanie,Ford,SFord61@gmail.com,3 - March,yahoo
61666,Carolyn,Middleton,CMiddleton83@gmail.com,1 - January,facebook
61744,Donald,Wilkerson,DWilkerson64@gmail.com,2 - February,yahoo
61775,David,Middleton,DMiddleton93@gmail.com,2 - February,google
61792,Helen,Wilkerson,HWilkerson26@gmail.com,2 - February,twitter
61825,Alice,Middleton,AMiddleton6@gmail.com,3 - March,yahoo
61834,Ethan,Diaz,EDiaz30@gmail.com,3 - March,google
61851,Logan,Aguilar,LAguilar44@gmail.com,1 - January,facebook
61864,Alice,Tillman,ATillman49@gmail.com,3 - March,facebook
61903,Stephanie,Payne,SPayne71@gmail.com,3 - March,yahoo
61932,Jesse,Hines,JHines11@gmail.com,2 - February,facebook
61987,Jesse,Chandler,JChandler42@gmail.com,3 - March,google
62028,Ralph,Warren,RWarren26@gmail.com,2 - February,email
62034,Teresa,Hines,THines96@gmail.com,3 - March,yahoo
62095,Carolyn,Ford,CFord53@gmail.com,2 - February,google
62096,Brandon,Jacobson,BJacobson85@gmail.com,1 - January,twitter
62100,Teresa,Middleton,TMiddleton66@gmail.com,3 - March,facebook
62106,Grace,Caldwell,GCaldwell4@gmail.com,1 - January,google
62158,Teresa,Hoffman,THoffman21@gmail.com,1 - January,email
62187,Jean,Stephenson,JStephenson68@gmail.com,2 - February,google
62205,Karen,Haney,KHaney21@gmail.com,2 - February,google
62254,Scott,Osborne,SOsborne35@gmail.com,1 - January,facebook
62255,Donald,Key,DKey35@gmail.com,2 - February,facebook
62257,Ronald,Warren,RWarren86@gmail.com,3 - March,facebook
62260,Adam,Wells,AWells66@gmail.com,2 - February,facebook
62279,Donald,Hines,DHines31@gmail.com,3 - March,yahoo
62334,Karen,Stanley,KStanley50@gmail.com,3 - March,twitter
62341,Brandon,Prince,BPrince33@gmail.com,3 - March,twitter
62386,Grace,Middleton,GMiddleton43@gmail.com,3 - March,facebook
62402,Denise,Ford,DFord94@gmail.com,1 - January,facebook
62412,Megan,Caldwell,MCaldwell17@gmail.com,1 - January,facebook
62431,Adam,Diaz,ADiaz50@gmail.com,2 - February,facebook
62513,Sandra,Hammond,SHammond37@gmail.com,3 - March,google
62531,Karen,Payne,KPayne95@gmail.com,2 - February,email
62565,William,Herrera,WHerrera49@gmail.com,1 - January,google
62572,Zachary,Prince,ZPrince40@gmail.com,3 - March,facebook
62575,David,Peters,DPeters46@gmail.com,3 - March,google
62654,Nicholas,Joyce,NJoyce43@gmail.com,3 - March,email
62751,Joyce,Herrera,JHerrera25@gmail.com,2 - February,google
62797,Nicholas,Middleton,NMiddleton68@gmail.com,1 - January,twitter
62870,Carolyn,Middleton,CMiddleton39@gmail.com,1 - January,email
62873,Bruce,Stanley,BStanley29@gmail.com,3 - March,facebook
62876,Benjamin,Schultz,BSchultz29@gmail.com,3 - March,twitter
62923,Melissa,Meadows,MMeadows32@gmail.com,2 - February,email
62928,Helen,Wilkerson,HWilkerson97@gmail.com,2 - February,google
62948,Teresa,Walls,TWalls37@gmail.com,3 - March,google
62952,Jesse,Hoffman,JHoffman16@gmail.com,1 - January,google
63015,Louis,Herrera,LHerrera41@gmail.com,1 - January,google
63025,Zachary,Joyce,ZJoyce96@gmail.com,2 - February,google
63101,Ralph,Wilkerson,RWilkerson28@gmail.com,3 - March,google
63110,Carolyn,Booker,CBooker68@gmail.com,3 - March,facebook
63213,Pamela,Aguilar,PAguilar34@gmail.com,1 - January,yahoo
63218,Brenda,Meadows,BMeadows32@gmail.com,3 - March,facebook
63223,Lauren,Tillman,LTillman64@gmail.com,2 - February,twitter
63282,Melissa,Middleton,MMiddleton46@gmail.com,3 - March,facebook
63296,Joyce,Strickland,JStrickland46@gmail.com,1 - January,twitter
63313,Sarah,Ochoa,SOchoa82@gmail.com,2 - February,yahoo
63329,Bruce,Webb,BWebb37@gmail.com,1 - January,twitter
63371,Jean,Mclean,JMclean17@gmail.com,3 - March,twitter
63383,Adam,Santana,ASantana13@gmail.com,2 - February,yahoo
63480,Denise,Middleton,DMiddleton10@gmail.com,2 - February,twitter
63483,Gerald,Webb,GWebb12@gmail.com,2 - February,email
63495,Lawrence,Wells,LWells61@gmail.com,3 - March,facebook
63504,Dennis,Haney,DHaney28@gmail.com,2 - February,google
63526,Donald,Wilkerson,DWilkerson8@gmail.com,2 - February,facebook
63546,Ethan,Webb,EWebb38@gmail.com,3 - March,facebook
63547,Jean,Diaz,JDiaz57@gmail.com,1 - January,yahoo
63602,Dennis,Jacobson,DJacobson41@gmail.com,1 - January,email
63627,Grace,Jacobson,GJacobson18@gmail.com,2 - February,facebook
63648,Brenda,Hammond,BHammond88@gmail.com,2 - February,email
63744,Bruce,Stanley,BStanley70@gmail.com,2 - February,yahoo
63773,Brenda,Webb,BWebb72@gmail.com,1 - January,twitter
63835,Nicholas,Ford,NFord60@gmail.com,2 - February,yahoo
63852,Helen,Herrera,HHerrera15@gmail.com,1 - January,google
63856,Donald,Caldwell,DCaldwell84@gmail.com,2 - February,twitter
63907,Sarah,Hoffman,SHoffman9@gmail.com,1 - January,facebook
63964,Frances,Prince,FPrince35@gmail.com,1 - January,twitter
64038,Megan,Osborne,MOsborne28@gmail.com,2 - February,yahoo
64079,Samantha,Caldwell,SCaldwell29@gmail.com,1 - January,google
64086,Adam,Joyce,AJoyce54@gmail.com,2 - February,facebook
64125,Ralph,Caldwell,RCaldwell31@gmail.com,3 - March,twitter
64154,David,Jacobson,DJacobson98@gmail.com,2 - February,email
64172,Alice,Stephenson,AStephenson13@gmail.com,3 - March,facebook
64190,Jesse,Tillman,JTillman32@gmail.com,2 - February,yahoo
64199,Ronald,Wells,RWells29@gmail.com,3 - March,google
64234,Ethan,Payne,EPayne76@gmail.com,1 - January,facebook
64261,Richard,Townsend,RTownsend35@gmail.com,3 - March,facebook
64262,Carolyn,Wilkerson,CWilkerson30@gmail.com,2 - February,yahoo
64269,Zachary,Haney,ZHaney57@gmail.com,3 - March,yahoo
64270,Zachary,Schultz,ZSchultz46@gmail.com,3 - March,google
64304,Helen,Booker,HBooker80@gmail.com,2 - February,twitter
64306,Frances,Strickland,FStrickland36@gmail.com,1 - January,google
64336,Nicholas,Koch,NKoch4@gmail.com,1 - January,facebook
64377,Zachary,Mclean,ZMclean70@gmail.com,2 - February,email
64404,Pamela,Diaz,PDiaz18@gmail.com,3 - March,yahoo
64419,Melissa,Middleton,MMiddleton80@gmail.com,2 - February,google
64432,Ethan,Koch,EKoch29@gmail.com,1 - January,google
64444,Bruce,Koch,BKoch96@gmail.com,3 - March,twitter
64451,Elizabeth,Joyce,EJoyce11@gmail.com,2 - February,google
64474,Sarah,Osborne,SOsborne21@gmail.com,3 - March,yahoo
64523,Teresa,Haney,THaney31@gmail.com,1 - January,email
64592,David,Hammond,DHammond18@gmail.com,2 - February,facebook
64596,Logan,Haney,LHaney93@gmail.com,3 - March,twitter
64657,Jesse,Ford,JFord42@gmail.com,3 - March,yahoo
64687,Ethan,Osborne,EOsborne86@gmail.com,1 - January,email
64720,Lawrence,Webb,LWebb39@gmail.com,3 - March,yahoo
64732,Daniel,Payne,DPayne26@gmail.com,1 - January,facebook
64753,Charles,Wells,CWells33@gmail.com,1 - January,facebook
64798,Pamela,Lambert,PLambert68@gmail.com,3 - March,twitter
64820,Jean,Walls,JWalls24@gmail.com,2 - February,facebook
64827,Pamela,Hoffman,PHoffman47@gmail.com,3 - March,yahoo
64837,Denise,Townsend,DTownsend54@gmail.com,3 - March,yahoo
64869,Brandon,Hoffman,BHoffman36@gmail.com,2 - February,twitter
64949,Samantha,Hammond,SHammond32@gmail.com,2 - February,yahoo
64950,Scott,Hines,SHines67@gmail.com,3 - March,twitter
64986,Ronald,Schultz,RSchultz7@gmail.com,1 - January,google
65023,Ethan,Salas,ESalas13@gmail.com,1 - January,yahoo
65057,Karen,Key,KKey79@gmail.com,1 - January,email
65069,Jeffrey,Wilkerson,JWilkerson90@gmail.com,1 - January,yahoo
65079,Donald,Salas,DSalas64@gmail.com,1 - January,facebook
65082,Marie,Jacobson,MJacobson48@gmail.com,2 - February,yahoo
65199,Zachary,Walls,ZWalls94@gmail.com,2 - February,yahoo
65215,Brandon,Walls,BWalls42@gmail.com,1 - January,yahoo
65234,Donald,Townsend,DTownsend43@gmail.com,3 - March,email
65296,Bruce,Lambert,BLambert22@gmail.com,3 - March,twitter
65372,Ralph,Key,RKey39@gmail.com,2 - February,twitter
65389,Samantha,Osborne,SOsborne25@gmail.com,2 - February,google
65435,Linda,Key,LKey37@gmail.com,2 - February,facebook
65436,Charles,Warren,CWarren33@gmail.com,3 - March,google
65531,Charles,Mcpherson,CMcpherson12@gmail.com,2 - February,yahoo
65542,David,Diaz,DDiaz6@gmail.com,1 - January,google
65552,Linda,Peters,LPeters18@gmail.com,3 - March,google
65652,Diana,Joyce,DJoyce69@gmail.com,1 - January,google
65667,Dennis,Key,DKey90@gmail.com,1 - January,google
65933,David,Diaz,DDiaz21@gmail.com,3 - March,google
65956,David,Meadows,DMeadows33@gmail.com,3 - March,facebook
66033,Jeffrey,Preston,JPreston72@gmail.com,2 - February,facebook
66057,David,Koch,DKoch15@gmail.com,1 - January,yahoo
66207,Marie,Meadows,MMeadows80@gmail.com,1 - January,yahoo
66280,Lauren,Strickland,LStrickland32@gmail.com,1 - January,email
66289,Alice,Wells,AWells88@gmail.com,3 - March,yahoo
66324,Stephanie,Warren,SWarren71@gmail.com,1 - January,google
66357,Bruce,Hammond,BHammond89@gmail.com,2 - February,google
66363,Jesse,Chandler,JChandler51@gmail.com,1 - January,twitter
66414,Melissa,Caldwell,MCaldwell58@gmail.com,1 - January,facebook
66446,Scott,Strickland,SStrickland49@gmail.com,2 - February,facebook
66469,Jean,Strickland,JStrickland51@gmail.com,1 - January,google
66479,Nicholas,Caldwell,NCaldwell31@gmail.com,1 - January,twitter
66482,Adam,Booker,ABooker94@gmail.com,2 - February,google
66525,Joyce,Tillman,JTillman83@gmail.com,1 - January,google
66534,Lawrence,Herrera,LHerrera78@gmail.com,3 - March,facebook
66554,Joyce,Payne,JPayne51@gmail.com,2 - February,google
66585,Benjamin,Salas,BSalas33@gmail.com,3 - March,facebook
66606,Nicholas,Preston,NPreston51@gmail.com,1 - January,twitter
66616,Bruce,Wilkerson,BWilkerson81@gmail.com,3 - March,yahoo
66640,Helen,Webb,HWebb95@gmail.com,2 - February,facebook
66675,Bruce,Joyce,BJoyce74@gmail.com,1 - January,twitter
66685,Zachary,Key,ZKey82@gmail.com,1 - January,twitter
66734,Frances,Prince,FPrince62@gmail.com,2 - February,twitter
66774,Linda,Joyce,LJoyce64@gmail.com,1 - January,twitter
66836,Jeffrey,Webb,JWebb78@gmail.com,1 - January,facebook
66859,Adam,Santana,ASantana68@gmail.com,3 - March,google
66866,Paul,Osborne,POsborne27@gmail.com,2 - February,yahoo
66873,Lawrence,Mclean,LMclean73@gmail.com,3 - March,yahoo
66917,Logan,Stanley,LStanley76@gmail.com,3 - March,yahoo
66925,Zachary,Lambert,ZLambert99@gmail.com,1 - January,twitter
66928,Brandon,Osborne,BOsborne37@gmail.com,2 - February,twitter
66980,Jean,Schultz,JSchultz12@gmail.com,2 - February,twitter
67030,Charles,Jacobson,CJacobson86@gmail.com,1 - January,yahoo
67034,Jeffrey,Ochoa,JOchoa63@gmail.com,1 - January,facebook
67062,Denise,Mclean,DMclean70@gmail.com,3 - March,facebook
67079,Daniel,Mcpherson,DMcpherson67@gmail.com,1 - January,yahoo
67106,Daniel,Stephenson,DStephenson90@gmail.com,1 - January,facebook
67117,Charles,Preston,CPreston95@gmail.com,3 - March,twitter
67140,Sandra,Wells,SWells57@gmail.com,3 - March,google
67164,Elizabeth,Hoffman,EHoffman26@gmail.com,1 - January,facebook
67176,Bruce,Walls,BWalls10@gmail.com,3 - March,google
67271,Olivia,Hines,OHines36@gmail.com,2 - February,email
67344,David,Osborne,DOsborne70@gmail.com,3 - March,facebook
67367,Jeffrey,Joyce,JJoyce85@gmail.com,1 - January,facebook
67377,Sarah,Hammond,SHammond67@gmail.com,2 - February,facebook
67386,Brenda,Lambert,BLambert14@gmail.com,3 - March,twitter
67392,Teresa,Wilkerson,TWilkerson56@gmail.com,1 - January,yahoo
67430,Scott,Tillman,STillman49@gmail.com,3 - March,twitter
67438,Linda,Peters,LPeters22@gmail.com,3 - March,google
67577,Sandra,Jacobson,SJacobson89@gmail.com,1 - January,google
67587,Charles,Strickland,CStrickland46@gmail.com,3 - March,email
67619,Zachary,Stephenson,ZStephenson60@gmail.com,1 - January,twitter
67624,Melissa,Caldwell,MCaldwell4@gmail.com,2 - February,twitter
67658,Charles,Stanley,CStanley10@gmail.com,2 - February,facebook
67741,Karen,Prince,KPrince78@gmail.com,2 - February,google
67817,Frances,Lambert,FLambert35@gmail.com,1 - January,facebook
67850,Pamela,Ford,PFord55@gmail.com,1 - January,yahoo
67892,Richard,Booker,RBooker83@gmail.com,1 - January,yahoo
67898,Paul,Wilkerson,PWilkerson39@gmail.com,2 - February,google
67923,William,Haney,WHaney79@gmail.com,2 - February,email
67925,Diana,Hammond,DHammond98@gmail.com,3 - March,facebook
67939,Lawrence,Strickland,LStrickland16@gmail.com,3 - March,google
67947,Alice,Lambert,ALambert94@gmail.com,2 - February,email
68017,Ralph,Townsend,RTownsend76@gmail.com,3 - March,twitter
68059,Jesse,Hoffman,JHoffman26@gmail.com,2 - February,yahoo
68090,Alice,Middleton,AMiddleton24@gmail.com,1 - January,facebook
68117,Nicholas,Mcpherson,NMcpherson78@gmail.com,1 - January,google
68138,Karen,Ochoa,KOchoa42@gmail.com,2 - February,email
68160,Adam,Mclean,AMclean18@gmail.com,1 - January,twitter
68190,Richard,Chandler,RChandler53@gmail.com,1 - January,yahoo
68220,Denise,Diaz,DDiaz12@gmail.com,3 - March,google
68236,Richard,Salas,RSalas63@gmail.com,2 - February,twitter
68246,Ethan,Walls,EWalls96@gmail.com,2 - February,google
68284,Alice,Diaz,ADiaz90@gmail.com,1 - January,facebook
68303,Logan,Wilkerson,LWilkerson42@gmail.com,2 - February,twitter
68304,Gregory,Strickland,GStrickland59@gmail.com,1 - January,facebook
68313,Ralph,Wells,RWells96@gmail.com,2 - February,yahoo
68341,Benjamin,Preston,BPreston86@gmail.com,2 - February,email
68342,Dennis,Koch,DKoch16@gmail.com,1 - January,facebook
68360,Brenda,Haney,BHaney73@gmail.com,1 - January,yahoo
68361,Teresa,Stephenson,TStephenson3@gmail.com,3 - March,google
68369,Elizabeth,Ochoa,EOchoa56@gmail.com,1 - January,facebook
68402,David,Ochoa,DOchoa28@gmail.com,3 - March,google
68422,Karen,Joyce,KJoyce78@gmail.com,3 - March,google
68429,Dennis,Joyce,DJoyce60@gmail.com,3 - March,google
68442,Bruce,Jacobson,BJacobson20@gmail.com,2 - February,email
68449,Louis,Ochoa,LOchoa41@gmail.com,2 - February,yahoo
68471,Frances,Middleton,FMiddleton48@gmail.com,2 - February,google
68491,Daniel,Hines,DHines16@gmail.com,3 - March,yahoo
68580,Benjamin,Caldwell,BCaldwell79@gmail.com,1 - January,twitter
68611,Lauren,Prince,LPrince85@gmail.com,2 - February,facebook
68654,Helen,Koch,HKoch93@gmail.com,1 - January,facebook
68707,Carolyn,Townsend,CTownsend38@gmail.com,3 - March,google
68711,Melissa,Chandler,MChandler9@gmail.com,2 - February,facebook
68767,Helen,Mclean,HMclean79@gmail.com,2 - February,twitter
68785,Charles,Lambert,CLambert98@gmail.com,3 - March,facebook
68827,Jeffrey,Preston,JPreston68@gmail.com,3 - March,email
68841,Richard,Middleton,RMiddleton31@gmail.com,1 - January,yahoo
68868,Adam,Stanley,AStanley10@gmail.com,2 - February,facebook
68988,Jeffrey,Schultz,JSchultz29@gmail.com,1 - January,twitter
69037,Zachary,Prince,ZPrince23@gmail.com,2 - February,email
69048,Stephanie,Salas,SSalas61@gmail.com,1 - January,facebook
69055,Adam,Diaz,ADiaz82@gmail.com,3 - March,email
69105,Charles,Booker,CBooker27@gmail.com,2 - February,google
69110,Jesse,Wells,JWells75@gmail.com,3 - March,google
69113,Sandra,Key,SKey46@gmail.com,3 - March,google
69130,Paul,Webb,PWebb54@gmail.com,1 - January,google
69139,Joyce,Tillman,JTillman53@gmail.com,1 - January,twitter
69168,Zachary,Hammond,ZHammond28@gmail.com,3 - March,facebook
69183,Ronald,Haney,RHaney12@gmail.com,1 - January,twitter
69208,Daniel,Herrera,DHerrera6@gmail.com,1 - January,facebook
69233,Nicholas,Key,NKey48@gmail.com,3 - March,email
69241,Sandra,Wells,SWells87@gmail.com,3 - March,yahoo
69279,Richard,Meadows,RMeadows4@gmail.com,2 - February,facebook
69301,Sandra,Santana,SSantana26@gmail.com,3 - March,facebook
69303,Lauren,Bass,LBass39@gmail.com,1 - January,twitter
69311,Paul,Santana,PSantana40@gmail.com,1 - January,twitter
69328,Paul,Booker,PBooker16@gmail.com,3 - March,email
69338,Olivia,Prince,OPrince85@gmail.com,3 - March,facebook
69343,Olivia,Stanley,OStanley10@gmail.com,3 - March,facebook
69394,Nicholas,Aguilar,NAguilar95@gmail.com,1 - January,google
69419,Daniel,Herrera,DHerrera76@gmail.com,1 - January,yahoo
69436,Ronald,Santana,RSantana87@gmail.com,3 - March,twitter
69437,Diana,Wilkerson,DWilkerson9@gmail.com,1 - January,google
69468,Grace,Jacobson,GJacobson16@gmail.com,1 - January,facebook
69497,Louis,Warren,LWarren83@gmail.com,3 - March,twitter
69545,David,Booker,DBooker74@gmail.com,2 - February,twitter
69547,Gerald,Payne,GPayne92@gmail.com,2 - February,google
69593,William,Wells,WWells67@gmail.com,1 - January,facebook
69596,Benjamin,Booker,BBooker42@gmail.com,3 - March,yahoo
69600,Benjamin,Ford,BFord83@gmail.com,2 - February,yahoo
69606,Helen,Meadows,HMeadows1@gmail.com,1 - January,google
69631,Linda,Wilkerson,LWilkerson71@gmail.com,1 - January,yahoo
69636,Elizabeth,Key,EKey60@gmail.com,1 - January,facebook
69638,Daniel,Warren,DWarren90@gmail.com,3 - March,yahoo
69666,Ethan,Koch,EKoch86@gmail.com,2 - February,facebook
69682,Adam,Wilkerson,AWilkerson47@gmail.com,3 - March,email
69802,Louis,Booker,LBooker97@gmail.com,2 - February,facebook
69826,Nicholas,Osborne,NOsborne43@gmail.com,1 - January,google
69829,Adam,Walls,AWalls86@gmail.com,2 - February,google
69836,Louis,Warren,LWarren26@gmail.com,3 - March,yahoo
69839,Olivia,Caldwell,OCaldwell89@gmail.com,3 - March,yahoo
69873,Denise,Key,DKey72@gmail.com,2 - February,yahoo
69893,Bruce,Koch,BKoch49@gmail.com,3 - March,google
69942,Denise,Jacobson,DJacobson71@gmail.com,2 - February,google
69969,Lawrence,Herrera,LHerrera74@gmail.com,1 - January,twitter
69972,Melissa,Booker,MBooker86@gmail.com,3 - March,google
69974,Ethan,Preston,EPreston92@gmail.com,1 - January,email
69988,Nicholas,Osborne,NOsborne26@gmail.com,1 - January,facebook
69993,Adam,Santana,ASantana68@gmail.com,1 - January,facebook
70029,David,Webb,DWebb6@gmail.com,1 - January,google
70035,Stephanie,Tillman,STillman32@gmail.com,3 - March,yahoo
70079,Grace,Middleton,GMiddleton20@gmail.com,3 - March,facebook
70142,Grace,Walls,GWalls76@gmail.com,3 - March,google
70149,Samantha,Aguilar,SAguilar34@gmail.com,3 - March,google
70241,Alice,Tillman,ATillman94@gmail.com,3 - March,yahoo
70245,Carolyn,Osborne,COsborne83@gmail.com,1 - January,google
70248,Nicholas,Hoffman,NHoffman23@gmail.com,2 - February,yahoo
70249,Pamela,Mclean,PMclean70@gmail.com,2 - February,yahoo
70266,Diana,Mclean,DMclean3@gmail.com,3 - March,facebook
70302,Lauren,Koch,LKoch2@gmail.com,3 - March,facebook
70325,Dennis,Key,DKey77@gmail.com,3 - March,facebook
70374,Pamela,Mclean,PMclean60@gmail.com,3 - March,google
70377,Logan,Peters,LPeters82@gmail.com,2 - February,google
70393,Ronald,Mclean,RMclean86@gmail.com,1 - January,facebook
70412,Frances,Warren,FWarren73@gmail.com,2 - February,google
70415,Carolyn,Diaz,CDiaz86@gmail.com,2 - February,yahoo
70429,Stephanie,Strickland,SStrickland46@gmail.com,1 - January,facebook
70461,Ethan,Payne,EPayne5@gmail.com,1 - January,google
70482,Melissa,Payne,MPayne64@gmail.com,3 - March,facebook
70508,Lauren,Joyce,LJoyce60@gmail.com,3 - March,google
70513,Ralph,Osborne,ROsborne49@gmail.com,2 - February,google
70562,Richard,Joyce,RJoyce81@gmail.com,1 - January,twitter
70574,Frances,Wilkerson,FWilkerson67@gmail.com,2 - February,yahoo
70610,Samantha,Booker,SBooker90@gmail.com,3 - March,email
70645,Diana,Mcpherson,DMcpherson9@gmail.com,2 - February,yahoo
70686,Grace,Middleton,GMiddleton55@gmail.com,2 - February,yahoo
70709,Olivia,Meadows,OMeadows50@gmail.com,3 - March,google
70752,Frances,Joyce,FJoyce91@gmail.com,3 - March,google
70754,Dennis,Mclean,DMclean42@gmail.com,3 - March,facebook
70812,Zachary,Warren,ZWarren19@gmail.com,1 - January,google
70820,Lawrence,Hines,LHines88@gmail.com,3 - March,google
70856,Jean,Koch,JKoch81@gmail.com,1 - January,yahoo
70910,Denise,Tillman,DTillman86@gmail.com,2 - February,email
70981,Megan,Tillman,MTillman44@gmail.com,2 - February,google
71000,Brandon,Stanley,BStanley29@gmail.com,1 - January,yahoo
71039,Denise,Strickland,DStrickland12@gmail.com,3 - March,yahoo
71040,Zachary,Hines,ZHines2@gmail.com,2 - February,email
71082,Samantha,Osborne,SOsborne85@gmail.com,2 - February,google
71121,Grace,Payne,GPayne67@gmail.com,3 - March,twitter
71141,Melissa,Mcpherson,MMcpherson58@gmail.com,1 - January,email
71149,Sandra,Ford,SFord31@gmail.com,2 - February,twitter
71249,Olivia,Middleton,OMiddleton79@gmail.com,3 - March,yahoo
71260,Bruce,Payne,BPayne80@gmail.com,2 - February,twitter
71263,David,Strickland,DStrickland79@gmail.com,3 - March,email
71370,Elizabeth,Ochoa,EOchoa62@gmail.com,1 - January,yahoo
71377,Gerald,Walls,GWalls40@gmail.com,3 - March,twitter
71385,Karen,Payne,KPayne97@gmail.com,3 - March,yahoo
71398,Brandon,Preston,BPreston84@gmail.com,2 - February,yahoo
71400,Sandra,Townsend,STownsend97@gmail.com,1 - January,twitter
71402,Adam,Osborne,AOsborne93@gmail.com,3 - March,yahoo
71428,Megan,Osborne,MOsborne36@gmail.com,3 - March,google
71438,Linda,Walls,LWalls44@gmail.com,3 - March,facebook
71474,Samantha,Wells,SWells87@gmail.com,3 - March,yahoo
71509,Nicholas,Preston,NPreston40@gmail.com,2 - February,twitter
71515,Alice,Ochoa,AOchoa89@gmail.com,2 - February,facebook
71587,Nicholas,Caldwell,NCaldwell89@gmail.com,3 - March,twitter
71592,Megan,Jacobson,MJacobson50@gmail.com,3 - March,yahoo
71619,Jeffrey,Caldwell,JCaldwell5@gmail.com,3 - March,facebook
71625,Jean,Middleton,JMiddleton87@gmail.com,3 - March,yahoo
71628,Zachary,Mclean,ZMclean57@gmail.com,3 - March,twitter
71669,Gregory,Diaz,GDiaz36@gmail.com,1 - January,google
71674,William,Wilkerson,WWilkerson75@gmail.com,3 - March,email
71709,Diana,Walls,DWalls63@gmail.com,1 - January,twitter
71712,Carolyn,Middleton,CMiddleton86@gmail.com,3 - March,twitter
71726,Paul,Salas,PSalas86@gmail.com,3 - March,google
71759,Bruce,Mclean,BMclean27@gmail.com,3 - March,facebook
71814,Adam,Key,AKey91@gmail.com,1 - January,facebook
71849,Gerald,Haney,GHaney79@gmail.com,1 - January,twitter
71863,Marie,Wells,MWells19@gmail.com,1 - January,twitter
71873,Olivia,Salas,OSalas13@gmail.com,2 - February,facebook
71925,Stephanie,Strickland,SStrickland98@gmail.com,3 - March,google
71928,Pamela,Herrera,PHerrera48@gmail.com,2 - February,facebook
71940,Melissa,Hoffman,MHoffman3@gmail.com,2 - February,yahoo
72019,Bruce,Mclean,BMclean48@gmail.com,1 - January,facebook
72021,Adam,Herrera,AHerrera85@gmail.com,1 - January,google
72026,Lawrence,Hoffman,LHoffman47@gmail.com,1 - January,facebook
72027,Carolyn,Hammond,CHammond9@gmail.com,2 - February,facebook
72043,Nicholas,Herrera,NHerrera72@gmail.com,2 - February,yahoo
72049,Donald,Hoffman,DHoffman97@gmail.com,2 - February,facebook
72064,Gregory,Meadows,GMeadows98@gmail.com,1 - January,twitter
72093,Megan,Schultz,MSchultz46@gmail.com,2 - February,google
72163,Karen,Ochoa,KOchoa11@gmail.com,1 - January,email
72182,Teresa,Hines,THines21@gmail.com,3 - March,email
72205,Donald,Payne,DPayne68@gmail.com,3 - March,email
72210,Helen,Santana,HSantana32@gmail.com,3 - March,yahoo
72221,Dennis,Wilkerson,DWilkerson24@gmail.com,2 - February,yahoo
72240,David,Koch,DKoch15@gmail.com,3 - March,google
72242,Adam,Townsend,ATownsend72@gmail.com,2 - February,yahoo
72277,Sandra,Bass,SBass59@gmail.com,2 - February,twitter
72287,Olivia,Wells,OWells3@gmail.com,2 - February,yahoo
72338,David,Koch,DKoch44@gmail.com,2 - February,facebook
72352,Brenda,Peters,BPeters57@gmail.com,1 - January,twitter
72390,William,Koch,WKoch90@gmail.com,1 - January,google
72391,Stephanie,Strickland,SStrickland27@gmail.com,1 - January,facebook
72394,Samantha,Aguilar,SAguilar70@gmail.com,2 - February,google
72402,Lawrence,Jacobson,LJacobson58@gmail.com,3 - March,email
72411,Brandon,Osborne,BOsborne38@gmail.com,3 - March,yahoo
72469,Adam,Santana,ASantana78@gmail.com,2 - February,twitter
72472,Jean,Payne,JPayne9@gmail.com,3 - March,email
72498,Diana,Herrera,DHerrera4@gmail.com,1 - January,facebook
72499,Jeffrey,Mcpherson,JMcpherson21@gmail.com,2 - February,google
72573,Jeffrey,Koch,JKoch5@gmail.com,2 - February,twitter
72580,Lawrence,Townsend,LTownsend97@gmail.com,3 - March,facebook
72611,Megan,Bass,MBass73@gmail.com,1 - January,twitter
72670,Elizabeth,Joyce,EJoyce94@gmail.com,3 - March,yahoo
72709,Karen,Lambert,KLambert74@gmail.com,2 - February,twitter
72737,Brenda,Herrera,BHerrera37@gmail.com,3 - March,twitter
72759,Brandon,Ford,BFord76@gmail.com,1 - January,yahoo
72781,Helen,Warren,HWarren88@gmail.com,1 - January,twitter
72793,Joyce,Townsend,JTownsend69@gmail.com,1 - January,google
72797,Brandon,Hoffman,BHoffman83@gmail.com,1 - January,facebook
72814,Logan,Joyce,LJoyce69@gmail.com,2 - February,yahoo
72843,Karen,Schultz,KSchultz43@gmail.com,1 - January,yahoo
72869,Teresa,Santana,TSantana88@gmail.com,3 - March,yahoo
72908,Brenda,Diaz,BDiaz46@gmail.com,3 - March,google
72937,David,Salas,DSalas37@gmail.com,3 - March,twitter
72963,Logan,Meadows,LMeadows86@gmail.com,3 - March,twitter
72970,Frances,Wilkerson,FWilkerson13@gmail.com,3 - March,email
72991,Dennis,Chandler,DChandler14@gmail.com,3 - March,google
73025,Karen,Mclean,KMclean18@gmail.com,3 - March,facebook
73036,Charles,Prince,CPrince51@gmail.com,3 - March,twitter
73068,Denise,Haney,DHaney73@gmail.com,2 - February,facebook
73123,Elizabeth,Peters,EPeters16@gmail.com,3 - March,twitter
73133,Charles,Stanley,CStanley53@gmail.com,2 - February,yahoo
73142,Karen,Mclean,KMclean36@gmail.com,2 - February,yahoo
73176,Bruce,Caldwell,BCaldwell55@gmail.com,3 - March,twitter
73246,Scott,Jacobson,SJacobson89@gmail.com,3 - March,yahoo
73249,Grace,Joyce,GJoyce39@gmail.com,1 - January,yahoo
73263,Megan,Payne,MPayne25@gmail.com,2 - February,google
73281,Ralph,Santana,RSantana26@gmail.com,1 - January,facebook
73373,Paul,Hoffman,PHoffman29@gmail.com,3 - March,facebook
73404,Teresa,Salas,TSalas53@gmail.com,3 - March,email
73508,Megan,Mcpherson,MMcpherson19@gmail.com,3 - March,facebook
73517,Ronald,Prince,RPrince36@gmail.com,2 - February,twitter
73596,Brenda,Jacobson,BJacobson15@gmail.com,3 - March,yahoo
73602,Lawrence,Herrera,LHerrera68@gmail.com,2 - February,google
73624,Joyce,Middleton,JMiddleton17@gmail.com,3 - March,yahoo
73680,Bruce,Key,BKey11@gmail.com,1 - January,facebook
73736,Samantha,Stanley,SStanley18@gmail.com,1 - January,facebook
73768,Ronald,Bass,RBass27@gmail.com,3 - March,facebook
73788,Ronald,Middleton,RMiddleton89@gmail.com,3 - March,yahoo
73827,Benjamin,Koch,BKoch1@gmail.com,1 - January,email
73857,Adam,Chandler,AChandler54@gmail.com,2 - February,facebook
73871,Carolyn,Osborne,COsborne29@gmail.com,2 - February,email
73878,Ralph,Chandler,RChandler59@gmail.com,3 - March,twitter
73899,Elizabeth,Santana,ESantana5@gmail.com,3 - March,google
73908,Louis,Preston,LPreston66@gmail.com,2 - February,facebook
73945,David,Salas,DSalas73@gmail.com,2 - February,google
73956,Pamela,Hoffman,PHoffman80@gmail.com,1 - January,twitter
73991,Donald,Salas,DSalas2@gmail.com,2 - February,google
74032,Richard,Key,RKey37@gmail.com,2 - February,google
74033,Karen,Hines,KHines69@gmail.com,1 - January,yahoo
74040,Denise,Stephenson,DStephenson3@gmail.com,1 - January,yahoo
74044,Linda,Jacobson,LJacobson59@gmail.com,1 - January,yahoo
74092,Joyce,Ochoa,JOchoa61@gmail.com,3 - March,twitter
74108,Adam,Salas,ASalas46@gmail.com,3 - March,facebook
74165,Linda,Peters,LPeters21@gmail.com,1 - January,facebook
74175,Gerald,Hammond,GHammond45@gmail.com,3 - March,yahoo
74200,Logan,Prince,LPrince11@gmail.com,1 - January,twitter
74251,Gerald,Warren,GWarren47@gmail.com,2 - February,yahoo
74254,Ronald,Joyce,RJoyce77@gmail.com,2 - February,google
74272,Gerald,Mcpherson,GMcpherson76@gmail.com,1 - January,yahoo
74340,Gerald,Koch,GKoch74@gmail.com,1 - January,google
74382,Samantha,Lambert,SLambert18@gmail.com,3 - March,google
74393,Dennis,Mclean,DMclean39@gmail.com,1 - January,twitter
74431,Carolyn,Prince,CPrince97@gmail.com,1 - January,facebook
74441,Lauren,Prince,LPrince43@gmail.com,3 - March,email
74447,Brandon,Peters,BPeters43@gmail.com,3 - March,yahoo
74451,Zachary,Diaz,ZDiaz63@gmail.com,1 - January,google
74456,Frances,Meadows,FMeadows45@gmail.com,3 - March,yahoo
74469,Helen,Wilkerson,HWilkerson28@gmail.com,2 - February,yahoo
74478,Carolyn,Stephenson,CStephenson39@gmail.com,1 - January,google
74482,Benjamin,Mclean,BMclean29@gmail.com,3 - March,twitter
74486,Samantha,Preston,SPreston3@gmail.com,1 - January,yahoo
74517,Pamela,Haney,PHaney23@gmail.com,2 - February,email
74553,Scott,Tillman,STillman30@gmail.com,3 - March,yahoo
74598,Louis,Warren,LWarren87@gmail.com,2 - February,twitter
74613,Dennis,Mcpherson,DMcpherson51@gmail.com,2 - February,yahoo
74615,Megan,Santana,MSantana50@gmail.com,3 - March,facebook
74779,Joyce,Peters,JPeters63@gmail.com,1 - January,facebook
74798,David,Walls,DWalls50@gmail.com,1 - January,facebook
74814,Richard,Stanley,RStanley32@gmail.com,3 - March,google
74843,Olivia,Preston,OPreston37@gmail.com,2 - February,google
74852,Sandra,Schultz,SSchultz58@gmail.com,3 - March,email
74871,Adam,Stanley,AStanley81@gmail.com,1 - January,yahoo
74920,Adam,Stanley,AStanley87@gmail.com,2 - February,facebook
74955,Dennis,Hammond,DHammond98@gmail.com,1 - January,twitter
75054,Ethan,Ford,EFord67@gmail.com,3 - March,email
75065,Paul,Hammond,PHammond67@gmail.com,3 - March,twitter
75100,Karen,Bass,KBass18@gmail.com,1 - January,google
75136,Ronald,Bass,RBass69@gmail.com,1 - January,facebook
75179,Brenda,Aguilar,BAguilar93@gmail.com,2 - February,yahoo
75185,Helen,Herrera,HHerrera39@gmail.com,3 - March,yahoo
75211,Dennis,Hammond,DHammond35@gmail.com,3 - March,twitter
75239,Samantha,Salas,SSalas26@gmail.com,3 - March,yahoo
75251,Bruce,Prince,BPrince74@gmail.com,3 - March,yahoo
75308,Megan,Walls,MWalls64@gmail.com,3 - March,google
75338,Ronald,Diaz,RDiaz98@gmail.com,1 - January,facebook
75388,Linda,Joyce,LJoyce7@gmail.com,3 - March,facebook
75390,Zachary,Chandler,ZChandler62@gmail.com,1 - January,facebook
75404,Adam,Townsend,ATownsend31@gmail.com,3 - March,yahoo
75419,Olivia,Wilkerson,OWilkerson76@gmail.com,1 - January,yahoo
75459,Ralph,Payne,RPayne59@gmail.com,3 - March,facebook
75481,Ronald,Salas,RSalas10@gmail.com,2 - February,yahoo
75494,Pamela,Diaz,PDiaz3@gmail.com,1 - January,email
75500,Adam,Hoffman,AHoffman27@gmail.com,1 - January,yahoo
75514,Benjamin,Mclean,BMclean46@gmail.com,2 - February,twitter
75597,Ethan,Schultz,ESchultz4@gmail.com,2 - February,facebook
75619,Megan,Ford,MFord45@gmail.com,3 - March,google
75655,Megan,Key,MKey51@gmail.com,1 - January,email
75683,Megan,Ochoa,MOchoa51@gmail.com,2 - February,email
75715,Ethan,Key,EKey58@gmail.com,1 - January,yahoo
75797,Frances,Chandler,FChandler20@gmail.com,3 - March,twitter
75866,Jean,Haney,JHaney89@gmail.com,1 - January,yahoo
75907,Gerald,Osborne,GOsborne88@gmail.com,1 - January,email
75960,Stephanie,Tillman,STillman62@gmail.com,3 - March,yahoo
75987,Bruce,Lambert,BLambert95@gmail.com,3 - March,facebook
75991,Nicholas,Bass,NBass44@gmail.com,2 - February,twitter
76039,Richard,Tillman,RTillman6@gmail.com,3 - March,yahoo
76043,Bruce,Herrera,BHerrera77@gmail.com,1 - January,yahoo
76046,Daniel,Stanley,DStanley94@gmail.com,2 - February,google
76088,Nicholas,Warren,NWarren68@gmail.com,2 - February,yahoo
76127,Gerald,Strickland,GStrickland29@gmail.com,3 - March,google
76155,Scott,Joyce,SJoyce66@gmail.com,1 - January,yahoo
76167,Lauren,Mclean,LMclean82@gmail.com,1 - January,twitter
76188,Olivia,Hammond,OHammond51@gmail.com,3 - March,yahoo
76229,Sandra,Warren,SWarren98@gmail.com,1 - January,yahoo
76255,Samantha,Meadows,SMeadows69@gmail.com,1 - January,facebook
76308,Teresa,Aguilar,TAguilar20@gmail.com,2 - February,facebook
76412,William,Joyce,WJoyce34@gmail.com,2 - February,yahoo
76416,Sarah,Wilkerson,SWilkerson41@gmail.com,1 - January,twitter
76445,Sarah,Lambert,SLambert66@gmail.com,1 - January,facebook
76450,Ralph,Hammond,RHammond34@gmail.com,1 - January,facebook
76512,Jean,Stephenson,JStephenson69@gmail.com,1 - January,yahoo
76524,Richard,Walls,RWalls99@gmail.com,2 - February,facebook
76526,Sandra,Caldwell,SCaldwell57@gmail.com,2 - February,facebook
76578,Zachary,Payne,ZPayne99@gmail.com,2 - February,twitter
76608,Logan,Schultz,LSchultz28@gmail.com,2 - February,google
76628,David,Ford,DFord84@gmail.com,3 - March,yahoo
76731,Helen,Santana,HSantana6@gmail.com,1 - January,facebook
76752,Jeffrey,Chandler,JChandler50@gmail.com,2 - February,facebook
76902,Helen,Strickland,HStrickland38@gmail.com,1 - January,yahoo
76995,Olivia,Joyce,OJoyce29@gmail.com,3 - March,facebook
77033,Diana,Herrera,DHerrera54@gmail.com,3 - March,facebook
77050,William,Wells,WWells51@gmail.com,1 - January,yahoo
77051,Ronald,Diaz,RDiaz55@gmail.com,3 - March,facebook
77065,Sandra,Herrera,SHerrera49@gmail.com,2 - February,email
77070,Karen,Aguilar,KAguilar33@gmail.com,2 - February,google
77147,Marie,Chandler,MChandler41@gmail.com,3 - March,yahoo
77154,Melissa,Schultz,MSchultz56@gmail.com,1 - January,twitter
77182,David,Stephenson,DStephenson6@gmail.com,3 - March,yahoo
77193,Carolyn,Payne,CPayne51@gmail.com,1 - January,twitter
77194,Helen,Townsend,HTownsend33@gmail.com,1 - January,twitter
77213,Brenda,Santana,BSantana91@gmail.com,3 - March,facebook
77245,Karen,Hines,KHines84@gmail.com,1 - January,twitter
77277,Donald,Middleton,DMiddleton74@gmail.com,1 - January,google
77284,Alice,Walls,AWalls87@gmail.com,1 - January,twitter
77286,Ethan,Warren,EWarren12@gmail.com,3 - March,facebook
77314,Jean,Payne,JPayne85@gmail.com,1 - January,facebook
77425,Grace,Aguilar,GAguilar18@gmail.com,3 - March,yahoo
77435,Alice,Mclean,AMclean24@gmail.com,1 - January,yahoo
77490,Zachary,Townsend,ZTownsend1@gmail.com,3 - March,yahoo
77559,Lawrence,Mclean,LMclean76@gmail.com,2 - February,facebook
77652,Grace,Strickland,GStrickland27@gmail.com,3 - March,google
77713,Carolyn,Tillman,CTillman89@gmail.com,3 - March,facebook
77720,Donald,Caldwell,DCaldwell29@gmail.com,2 - February,facebook
77740,Helen,Stephenson,HStephenson80@gmail.com,3 - March,yahoo
77763,Sandra,Bass,SBass33@gmail.com,2 - February,yahoo
77889,Brenda,Key,BKey72@gmail.com,1 - January,yahoo
77896,Brenda,Key,BKey11@gmail.com,1 - January,yahoo
77901,Pamela,Webb,PWebb80@gmail.com,3 - March,twitter
77915,Daniel,Townsend,DTownsend5@gmail.com,3 - March,google
78021,Adam,Salas,ASalas41@gmail.com,2 - February,yahoo
78125,Zachary,Wells,ZWells59@gmail.com,3 - March,email
78146,Pamela,Townsend,PTownsend47@gmail.com,2 - February,yahoo
78151,Alice,Hines,AHines41@gmail.com,2 - February,twitter
78164,Denise,Santana,DSantana5@gmail.com,1 - January,yahoo
78197,Olivia,Tillman,OTillman78@gmail.com,3 - March,google
78202,Sarah,Lambert,SLambert88@gmail.com,1 - January,google
78214,Bruce,Jacobson,BJacobson41@gmail.com,3 - March,email
78287,Richard,Haney,RHaney95@gmail.com,2 - February,facebook
78306,Frances,Ford,FFord61@gmail.com,2 - February,yahoo
78321,Richard,Peters,RPeters39@gmail.com,1 - January,google
78386,Adam,Booker,ABooker16@gmail.com,1 - January,email
78388,Gregory,Prince,GPrince74@gmail.com,2 - February,google
78389,Teresa,Ford,TFord76@gmail.com,2 - February,google
78414,Frances,Wilkerson,FWilkerson68@gmail.com,1 - January,yahoo
78464,Melissa,Koch,MKoch40@gmail.com,3 - March,twitter
78494,Jeffrey,Diaz,JDiaz57@gmail.com,1 - January,google
78495,Zachary,Middleton,ZMiddleton88@gmail.com,3 - March,google
78521,Ethan,Lambert,ELambert48@gmail.com,1 - January,facebook
78547,Olivia,Meadows,OMeadows94@gmail.com,3 - March,facebook
78623,Denise,Walls,DWalls6@gmail.com,1 - January,facebook
78632,Marie,Preston,MPreston19@gmail.com,3 - March,email
78697,Richard,Townsend,RTownsend47@gmail.com,3 - March,google
78765,Diana,Osborne,DOsborne13@gmail.com,3 - March,facebook
78846,Donald,Diaz,DDiaz20@gmail.com,1 - January,yahoo
78875,Stephanie,Stephenson,SStephenson92@gmail.com,3 - March,google
78909,Elizabeth,Stephenson,EStephenson70@gmail.com,1 - January,facebook
78997,Carolyn,Mcpherson,CMcpherson60@gmail.com,2 - February,google
79003,Donald,Schultz,DSchultz35@gmail.com,3 - March,email
79177,Daniel,Schultz,DSchultz18@gmail.com,2 - February,google
79178,Sandra,Payne,SPayne90@gmail.com,2 - February,twitter
79193,Lauren,Caldwell,LCaldwell33@gmail.com,1 - January,yahoo
79226,Nicholas,Stanley,NStanley28@gmail.com,3 - March,twitter
79275,Samantha,Ochoa,SOchoa75@gmail.com,1 - January,yahoo
79316,Adam,Stanley,AStanley1@gmail.com,3 - March,yahoo
79393,Paul,Wilkerson,PWilkerson30@gmail.com,3 - March,facebook
79410,Diana,Jacobson,DJacobson67@gmail.com,2 - February,twitter
79414,Dennis,Haney,DHaney38@gmail.com,3 - March,google
79422,Zachary,Stanley,ZStanley18@gmail.com,3 - March,google
79444,Elizabeth,Stanley,EStanley62@gmail.com,3 - March,google
79459,Joyce,Prince,JPrince28@gmail.com,3 - March,google
79494,Gerald,Tillman,GTillman47@gmail.com,3 - March,yahoo
79531,Joyce,Caldwell,JCaldwell54@gmail.com,2 - February,facebook
79545,Adam,Hoffman,AHoffman87@gmail.com,1 - January,email
79558,Benjamin,Salas,BSalas28@gmail.com,3 - March,yahoo
79607,Brandon,Warren,BWarren27@gmail.com,2 - February,email
79621,Zachary,Meadows,ZMeadows88@gmail.com,3 - March,facebook
79632,Daniel,Caldwell,DCaldwell79@gmail.com,2 - February,facebook
79637,Ronald,Schultz,RSchultz56@gmail.com,2 - February,twitter
79660,Melissa,Chandler,MChandler53@gmail.com,1 - January,twitter
79692,Carolyn,Caldwell,CCaldwell87@gmail.com,1 - January,email
79711,Scott,Webb,SWebb36@gmail.com,3 - March,facebook
79722,Olivia,Peters,OPeters25@gmail.com,3 - March,facebook
79758,David,Peters,DPeters2@gmail.com,1 - January,twitter
79881,Dennis,Middleton,DMiddleton30@gmail.com,3 - March,yahoo
79887,Frances,Caldwell,FCaldwell76@gmail.com,1 - January,google
79935,Jesse,Osborne,JOsborne6@gmail.com,2 - February,yahoo
79946,Lawrence,Schultz,LSchultz40@gmail.com,1 - January,google
79979,Daniel,Warren,DWarren2@gmail.com,2 - February,email
80004,Denise,Bass,DBass39@gmail.com,1 - January,twitter
80005,Sarah,Strickland,SStrickland74@gmail.com,2 - February,facebook
80047,Logan,Schultz,LSchultz19@gmail.com,1 - January,google
80056,Jeffrey,Townsend,JTownsend61@gmail.com,1 - January,google
80070,Brenda,Santana,BSantana16@gmail.com,2 - February,twitter
80078,Adam,Joyce,AJoyce22@gmail.com,1 - January,twitter
80092,Brenda,Warren,BWarren74@gmail.com,3 - March,twitter
80098,Samantha,Stephenson,SStephenson97@gmail.com,2 - February,email
80163,Paul,Mclean,PMclean88@gmail.com,1 - January,email
80220,Daniel,Webb,DWebb65@gmail.com,3 - March,twitter
80239,Bruce,Ford,BFord74@gmail.com,3 - March,yahoo
80268,Elizabeth,Meadows,EMeadows47@gmail.com,2 - February,yahoo
80283,Denise,Hoffman,DHoffman2@gmail.com,3 - March,facebook
80295,Samantha,Townsend,STownsend77@gmail.com,2 - February,facebook
80309,Gregory,Jacobson,GJacobson9@gmail.com,2 - February,google
80314,Dennis,Stanley,DStanley19@gmail.com,1 - January,twitter
80402,Louis,Aguilar,LAguilar28@gmail.com,3 - March,yahoo
80452,Scott,Joyce,SJoyce90@gmail.com,1 - January,google
80458,Louis,Key,LKey34@gmail.com,3 - March,email
80462,Melissa,Haney,MHaney38@gmail.com,1 - January,twitter
80481,Benjamin,Key,BKey58@gmail.com,2 - February,facebook
80484,Stephanie,Warren,SWarren83@gmail.com,3 - March,email
80555,Brenda,Preston,BPreston19@gmail.com,3 - March,facebook
80568,Stephanie,Haney,SHaney43@gmail.com,1 - January,yahoo
80593,Samantha,Ochoa,SOchoa39@gmail.com,3 - March,facebook
80617,Charles,Preston,CPreston91@gmail.com,1 - January,google
80644,Donald,Wilkerson,DWilkerson55@gmail.com,3 - March,google
80701,Dennis,Hammond,DHammond65@gmail.com,3 - March,yahoo
80769,Denise,Payne,DPayne42@gmail.com,2 - February,facebook
80795,Donald,Osborne,DOsborne39@gmail.com,1 - January,email
80804,Zachary,Wilkerson,ZWilkerson96@gmail.com,3 - March,yahoo
80854,Sarah,Key,SKey17@gmail.com,1 - January,yahoo
80964,Megan,Aguilar,MAguilar7@gmail.com,2 - February,google
80981,Carolyn,Schultz,CSchultz4@gmail.com,3 - March,twitter
80989,Dennis,Walls,DWalls1@gmail.com,3 - March,google
81002,Helen,Warren,HWarren16@gmail.com,1 - January,facebook
81012,Charles,Osborne,COsborne19@gmail.com,1 - January,twitter
81063,Daniel,Haney,DHaney21@gmail.com,3 - March,yahoo
81082,Stephanie,Chandler,SChandler82@gmail.com,1 - January,yahoo
81098,Alice,Middleton,AMiddleton70@gmail.com,1 - January,twitter
81105,Stephanie,Preston,SPreston91@gmail.com,1 - January,facebook
81118,Brenda,Peters,BPeters7@gmail.com,1 - January,facebook
81149,Lawrence,Diaz,LDiaz39@gmail.com,3 - March,yahoo
81188,Donald,Koch,DKoch99@gmail.com,1 - January,yahoo
81197,Brandon,Hines,BHines25@gmail.com,3 - March,facebook
81228,Jeffrey,Walls,JWalls42@gmail.com,3 - March,yahoo
81233,Pamela,Stephenson,PStephenson84@gmail.com,3 - March,facebook
81237,Louis,Salas,LSalas64@gmail.com,1 - January,google
81314,Olivia,Townsend,OTownsend84@gmail.com,2 - February,email
81358,Sandra,Tillman,STillman84@gmail.com,2 - February,facebook
81474,Donald,Webb,DWebb80@gmail.com,3 - March,yahoo
81516,Scott,Chandler,SChandler4@gmail.com,3 - March,google
81527,Donald,Jacobson,DJacobson33@gmail.com,2 - February,email
81543,Scott,Caldwell,SCaldwell56@gmail.com,1 - January,google
81584,Megan,Mclean,MMclean83@gmail.com,3 - March,google
81587,Denise,Wells,DWells5@gmail.com,3 - March,google
81620,Gregory,Booker,GBooker71@gmail.com,2 - February,twitter
81770,Scott,Webb,SWebb81@gmail.com,3 - March,yahoo
81791,Adam,Preston,APreston59@gmail.com,3 - March,twitter
81884,William,Webb,WWebb99@gmail.com,2 - February,twitter
81886,Helen,Hammond,HHammond85@gmail.com,3 - March,facebook
81938,Joyce,Prince,JPrince65@gmail.com,1 - January,twitter
81971,Louis,Ochoa,LOchoa78@gmail.com,3 - March,twitter
82002,Teresa,Middleton,TMiddleton69@gmail.com,2 - February,google
82006,Lauren,Mcpherson,LMcpherson19@gmail.com,3 - March,yahoo
82106,Bruce,Warren,BWarren83@gmail.com,1 - January,facebook
82110,Paul,Bass,PBass91@gmail.com,1 - January,facebook
82116,Carolyn,Middleton,CMiddleton11@gmail.com,3 - March,google
82132,Gerald,Key,GKey84@gmail.com,3 - March,yahoo
82135,Charles,Peters,CPeters84@gmail.com,3 - March,yahoo
82151,Karen,Osborne,KOsborne61@gmail.com,1 - January,twitter
82174,Logan,Mcpherson,LMcpherson66@gmail.com,2 - February,facebook
82219,Karen,Hoffman,KHoffman66@gmail.com,1 - January,google
82223,Pamela,Payne,PPayne42@gmail.com,3 - March,facebook
82273,Daniel,Prince,DPrince68@gmail.com,3 - March,facebook
82281,Ethan,Tillman,ETillman37@gmail.com,1 - January,twitter
82285,Lawrence,Osborne,LOsborne60@gmail.com,3 - March,google
82286,Zachary,Prince,ZPrince27@gmail.com,3 - March,email
82291,Olivia,Salas,OSalas13@gmail.com,3 - March,facebook
82297,Jeffrey,Lambert,JLambert26@gmail.com,3 - March,yahoo
82299,Linda,Mclean,LMclean16@gmail.com,2 - February,email
82300,Adam,Mcpherson,AMcpherson12@gmail.com,2 - February,facebook
82308,Diana,Joyce,DJoyce62@gmail.com,2 - February,facebook
82318,Megan,Payne,MPayne15@gmail.com,1 - January,facebook
82348,Olivia,Ochoa,OOchoa96@gmail.com,1 - January,yahoo
82384,Zachary,Ochoa,ZOchoa29@gmail.com,3 - March,yahoo
82401,Samantha,Jacobson,SJacobson37@gmail.com,1 - January,yahoo
82416,Brandon,Key,BKey50@gmail.com,3 - March,twitter
82468,Karen,Key,KKey67@gmail.com,1 - January,google
82512,Ethan,Mcpherson,EMcpherson37@gmail.com,2 - February,twitter
82516,Karen,Mcpherson,KMcpherson83@gmail.com,2 - February,google
82534,Diana,Salas,DSalas93@gmail.com,2 - February,yahoo
82544,Gregory,Schultz,GSchultz55@gmail.com,3 - March,google
82562,Marie,Preston,MPreston45@gmail.com,1 - January,facebook
82633,Bruce,Caldwell,BCaldwell61@gmail.com,1 - January,google
82641,Joyce,Wilkerson,JWilkerson28@gmail.com,3 - March,facebook
82789,Elizabeth,Caldwell,ECaldwell26@gmail.com,1 - January,yahoo
82845,Frances,Jacobson,FJacobson20@gmail.com,1 - January,facebook
82869,Adam,Chandler,AChandler32@gmail.com,1 - January,facebook
82933,Adam,Jacobson,AJacobson31@gmail.com,2 - February,google
82954,Donald,Strickland,DStrickland21@gmail.com,2 - February,facebook
83000,Richard,Preston,RPreston99@gmail.com,3 - March,facebook
83098,Jeffrey,Hammond,JHammond98@gmail.com,2 - February,email
83147,Carolyn,Peters,CPeters78@gmail.com,2 - February,twitter
83170,Scott,Osborne,SOsborne13@gmail.com,2 - February,twitter
83207,Lawrence,Tillman,LTillman81@gmail.com,1 - January,email
83224,Sandra,Hammond,SHammond69@gmail.com,3 - March,twitter
83233,Frances,Schultz,FSchultz10@gmail.com,2 - February,twitter
83273,Carolyn,Hines,CHines88@gmail.com,3 - March,twitter
83328,William,Warren,WWarren45@gmail.com,1 - January,facebook
83385,Zachary,Tillman,ZTillman96@gmail.com,1 - January,yahoo
83389,Pamela,Hines,PHines51@gmail.com,2 - February,email
83424,Grace,Salas,GSalas77@gmail.com,3 - March,google
83472,Elizabeth,Joyce,EJoyce32@gmail.com,1 - January,twitter
83505,Louis,Payne,LPayne14@gmail.com,1 - January,facebook
83564,Brandon,Tillman,BTillman50@gmail.com,1 - January,yahoo
83566,Megan,Haney,MHaney81@gmail.com,2 - February,yahoo
83585,Ralph,Lambert,RLambert76@gmail.com,1 - January,google
83646,Ethan,Mcpherson,EMcpherson41@gmail.com,2 - February,facebook
83727,Donald,Hoffman,DHoffman11@gmail.com,3 - March,google
83774,Sarah,Herrera,SHerrera40@gmail.com,2 - February,facebook
83783,Marie,Stephenson,MStephenson3@gmail.com,2 - February,twitter
83812,Alice,Walls,AWalls92@gmail.com,3 - March,facebook
83823,Brandon,Bass,BBass94@gmail.com,3 - March,facebook
83834,Jesse,Bass,JBass58@gmail.com,3 - March,email
83841,Dennis,Bass,DBass23@gmail.com,1 - January,twitter
83873,Ethan,Meadows,EMeadows25@gmail.com,3 - March,yahoo
83890,Brandon,Hoffman,BHoffman7@gmail.com,1 - January,yahoo
83894,Jeffrey,Wilkerson,JWilkerson5@gmail.com,1 - January,facebook
83899,Lawrence,Herrera,LHerrera19@gmail.com,1 - January,twitter
83941,Gregory,Hammond,GHammond75@gmail.com,2 - February,yahoo
83952,Jeffrey,Koch,JKoch75@gmail.com,1 - January,twitter
84041,Elizabeth,Peters,EPeters98@gmail.com,1 - January,yahoo
84141,Megan,Preston,MPreston50@gmail.com,1 - January,email
84202,Linda,Key,LKey67@gmail.com,1 - January,google
84205,Teresa,Mclean,TMclean88@gmail.com,3 - March,email
84232,Megan,Bass,MBass20@gmail.com,3 - March,facebook
84261,Stephanie,Hines,SHines1@gmail.com,3 - March,facebook
84264,Logan,Wilkerson,LWilkerson98@gmail.com,3 - March,facebook
84289,Brandon,Mcpherson,BMcpherson6@gmail.com,3 - March,twitter
84311,Melissa,Stanley,MStanley98@gmail.com,2 - February,google
84329,Joyce,Hines,JHines26@gmail.com,1 - January,facebook
84336,Paul,Wells,PWells81@gmail.com,3 - March,google
84341,Jean,Preston,JPreston28@gmail.com,2 - February,google
84349,Nicholas,Salas,NSalas20@gmail.com,3 - March,yahoo
84425,William,Warren,WWarren85@gmail.com,3 - March,facebook
84518,Nicholas,Santana,NSantana8@gmail.com,3 - March,twitter
84529,Gerald,Joyce,GJoyce90@gmail.com,3 - March,facebook
84599,Benjamin,Strickland,BStrickland67@gmail.com,1 - January,facebook
84600,Adam,Ford,AFord7@gmail.com,3 - March,facebook
84606,Charles,Booker,CBooker13@gmail.com,2 - February,yahoo
84609,Teresa,Walls,TWalls60@gmail.com,2 - February,twitter
84620,Ronald,Stephenson,RStephenson88@gmail.com,1 - January,facebook
84698,Richard,Hammond,RHammond94@gmail.com,3 - March,facebook
84725,Donald,Aguilar,DAguilar98@gmail.com,1 - January,yahoo
84738,Adam,Haney,AHaney89@gmail.com,3 - March,yahoo
84757,Jeffrey,Preston,JPreston74@gmail.com,1 - January,google
84758,Dennis,Peters,DPeters10@gmail.com,2 - February,yahoo
84760,Adam,Wilkerson,AWilkerson4@gmail.com,3 - March,google
84787,Linda,Peters,LPeters3@gmail.com,1 - January,facebook
84828,Donald,Haney,DHaney79@gmail.com,2 - February,yahoo
84883,Benjamin,Jacobson,BJacobson72@gmail.com,3 - March,email
84912,Dennis,Lambert,DLambert65@gmail.com,3 - March,email
84928,Paul,Wells,PWells49@gmail.com,1 - January,google
84943,David,Jacobson,DJacobson20@gmail.com,1 - January,email
85007,Ralph,Ford,RFord29@gmail.com,2 - February,twitter
85009,Richard,Wilkerson,RWilkerson79@gmail.com,1 - January,yahoo
85047,Stephanie,Lambert,SLambert25@gmail.com,1 - January,facebook
85055,Brandon,Mcpherson,BMcpherson89@gmail.com,3 - March,yahoo
85073,Grace,Strickland,GStrickland92@gmail.com,2 - February,twitter
85082,Helen,Meadows,HMeadows5@gmail.com,1 - January,facebook
85132,Adam,Santana,ASantana33@gmail.com,2 - February,google
85156,Helen,Peters,HPeters38@gmail.com,1 - January,email
85195,Adam,Ford,AFord89@gmail.com,2 - February,yahoo
85197,Olivia,Hines,OHines96@gmail.com,3 - March,yahoo
85230,Linda,Mclean,LMclean54@gmail.com,2 - February,yahoo
85246,Jesse,Herrera,JHerrera10@gmail.com,1 - January,yahoo
85292,Paul,Meadows,PMeadows20@gmail.com,1 - January,facebook
85304,Adam,Diaz,ADiaz34@gmail.com,2 - February,facebook
85308,William,Hammond,WHammond38@gmail.com,2 - February,yahoo
85353,Karen,Strickland,KStrickland41@gmail.com,2 - February,google
85372,Jesse,Payne,JPayne38@gmail.com,2 - February,twitter
85396,Olivia,Prince,OPrince9@gmail.com,2 - February,facebook
85398,Daniel,Prince,DPrince43@gmail.com,1 - January,twitter
85400,Bruce,Booker,BBooker21@gmail.com,2 - February,facebook
85456,Jeffrey,Stephenson,JStephenson1@gmail.com,3 - March,facebook
85483,Grace,Stanley,GStanley13@gmail.com,3 - March,yahoo
85499,Teresa,Townsend,TTownsend24@gmail.com,3 - March,email
85525,Brandon,Prince,BPrince61@gmail.com,3 - March,facebook
85571,Paul,Walls,PWalls90@gmail.com,3 - March,yahoo
85608,Teresa,Ford,TFord85@gmail.com,3 - March,twitter
85675,Stephanie,Middleton,SMiddleton39@gmail.com,3 - March,twitter
85692,Helen,Wilkerson,HWilkerson4@gmail.com,1 - January,facebook
85707,Brenda,Walls,BWalls32@gmail.com,3 - March,google
85711,Richard,Key,RKey75@gmail.com,2 - February,google
85713,Paul,Joyce,PJoyce95@gmail.com,1 - January,yahoo
85748,Megan,Ford,MFord20@gmail.com,2 - February,facebook
85751,Teresa,Prince,TPrince92@gmail.com,2 - February,google
85766,Lawrence,Stanley,LStanley21@gmail.com,2 - February,yahoo
85781,Adam,Townsend,ATownsend33@gmail.com,1 - January,google
85784,Gerald,Wilkerson,GWilkerson44@gmail.com,1 - January,google
85799,Linda,Hammond,LHammond16@gmail.com,1 - January,facebook
85803,Daniel,Mcpherson,DMcpherson32@gmail.com,2 - February,yahoo
85938,Adam,Hoffman,AHoffman96@gmail.com,3 - March,google
85963,Sarah,Ochoa,SOchoa69@gmail.com,2 - February,google
85989,Paul,Schultz,PSchultz21@gmail.com,3 - March,yahoo
86037,Stephanie,Ford,SFord97@gmail.com,3 - March,facebook
86064,Megan,Wells,MWells17@gmail.com,2 - February,yahoo
86116,Paul,Wilkerson,PWilkerson80@gmail.com,3 - March,email
86177,Helen,Wilkerson,HWilkerson84@gmail.com,1 - January,facebook
86183,Nicholas,Osborne,NOsborne54@gmail.com,1 - January,yahoo
86251,Gregory,Hines,GHines16@gmail.com,3 - March,yahoo
86263,Marie,Santana,MSantana90@gmail.com,2 - February,facebook
86304,Jesse,Stanley,JStanley33@gmail.com,3 - March,email
86342,Nicholas,Aguilar,NAguilar28@gmail.com,2 - February,email
86406,Paul,Schultz,PSchultz36@gmail.com,1 - January,yahoo
86435,Ethan,Stanley,EStanley60@gmail.com,2 - February,google
86541,Bruce,Mclean,BMclean49@gmail.com,1 - January,facebook
86569,Brandon,Santana,BSantana68@gmail.com,1 - January,yahoo
86588,Adam,Caldwell,ACaldwell96@gmail.com,3 - March,yahoo
86609,Gerald,Koch,GKoch66@gmail.com,3 - March,yahoo
86638,Gerald,Payne,GPayne14@gmail.com,1 - January,google
86681,Sarah,Caldwell,SCaldwell66@gmail.com,2 - February,facebook
86735,Stephanie,Middleton,SMiddleton18@gmail.com,2 - February,facebook
86752,Gregory,Koch,GKoch39@gmail.com,3 - March,facebook
86765,Carolyn,Wilkerson,CWilkerson62@gmail.com,2 - February,google
86779,Teresa,Stanley,TStanley76@gmail.com,2 - February,facebook
86854,Adam,Bass,ABass96@gmail.com,1 - January,twitter
86864,Bruce,Stanley,BStanley78@gmail.com,1 - January,facebook
86865,Frances,Payne,FPayne8@gmail.com,1 - January,yahoo
87000,Jean,Koch,JKoch30@gmail.com,1 - January,twitter
87004,Zachary,Lambert,ZLambert36@gmail.com,2 - February,yahoo
87080,Olivia,Aguilar,OAguilar30@gmail.com,1 - January,facebook
87110,Louis,Aguilar,LAguilar62@gmail.com,1 - January,yahoo
87128,Richard,Koch,RKoch10@gmail.com,3 - March,email
87158,Marie,Herrera,MHerrera9@gmail.com,3 - March,facebook
87189,Gregory,Salas,GSalas48@gmail.com,1 - January,facebook
87207,Adam,Meadows,AMeadows13@gmail.com,2 - February,facebook
87274,Megan,Ochoa,MOchoa20@gmail.com,3 - March,google
87291,Brandon,Tillman,BTillman76@gmail.com,1 - January,google
87303,Gregory,Mcpherson,GMcpherson77@gmail.com,3 - March,facebook
87346,Gregory,Herrera,GHerrera13@gmail.com,2 - February,twitter
87352,Donald,Townsend,DTownsend66@gmail.com,3 - March,twitter
87356,Alice,Aguilar,AAguilar57@gmail.com,1 - January,yahoo
87371,Donald,Key,DKey47@gmail.com,1 - January,twitter
87429,Samantha,Booker,SBooker89@gmail.com,1 - January,facebook
87468,Linda,Tillman,LTillman87@gmail.com,3 - March,yahoo
87469,Karen,Aguilar,KAguilar15@gmail.com,2 - February,yahoo
87483,Ronald,Webb,RWebb99@gmail.com,1 - January,email
87489,Ronald,Payne,RPayne30@gmail.com,1 - January,google
87493,Bruce,Aguilar,BAguilar78@gmail.com,1 - January,facebook
87550,Adam,Hines,AHines81@gmail.com,3 - March,google
87621,Elizabeth,Caldwell,ECaldwell1@gmail.com,3 - March,facebook
87728,Lauren,Osborne,LOsborne26@gmail.com,1 - January,facebook
87743,Teresa,Hammond,THammond86@gmail.com,1 - January,facebook
87781,Grace,Webb,GWebb65@gmail.com,2 - February,google
87784,Jeffrey,Ochoa,JOchoa13@gmail.com,1 - January,yahoo
87833,Ronald,Ochoa,ROchoa14@gmail.com,3 - March,twitter
87857,Paul,Stephenson,PStephenson75@gmail.com,1 - January,yahoo
87894,Benjamin,Mclean,BMclean60@gmail.com,3 - March,facebook
87973,Charles,Middleton,CMiddleton56@gmail.com,2 - February,yahoo
87993,Adam,Meadows,AMeadows37@gmail.com,2 - February,google
88010,Jean,Bass,JBass76@gmail.com,3 - March,facebook
88012,Melissa,Haney,MHaney91@gmail.com,3 - March,twitter
88085,Brandon,Lambert,BLambert35@gmail.com,3 - March,twitter
88097,Linda,Chandler,LChandler38@gmail.com,1 - January,google
88134,Logan,Diaz,LDiaz79@gmail.com,2 - February,facebook
88139,Scott,Caldwell,SCaldwell89@gmail.com,3 - March,twitter
88238,Brandon,Booker,BBooker84@gmail.com,3 - March,yahoo
88255,Marie,Hines,MHines73@gmail.com,2 - February,yahoo
88265,Richard,Webb,RWebb36@gmail.com,1 - January,yahoo
88301,Gregory,Osborne,GOsborne59@gmail.com,2 - February,google
88352,Grace,Key,GKey32@gmail.com,3 - March,google
88386,Lauren,Caldwell,LCaldwell2@gmail.com,1 - January,google
88407,Louis,Key,LKey99@gmail.com,2 - February,facebook
88447,Linda,Hammond,LHammond22@gmail.com,1 - January,email
88470,David,Herrera,DHerrera9@gmail.com,2 - February,google
88480,Carolyn,Herrera,CHerrera70@gmail.com,1 - January,facebook
88494,Teresa,Aguilar,TAguilar92@gmail.com,2 - February,yahoo
88525,Stephanie,Hines,SHines1@gmail.com,2 - February,yahoo
88527,Adam,Hammond,AHammond37@gmail.com,2 - February,facebook
88544,Olivia,Preston,OPreston99@gmail.com,2 - February,facebook
88554,William,Koch,WKoch27@gmail.com,1 - January,facebook
88562,Ronald,Lambert,RLambert91@gmail.com,3 - March,email
88592,Scott,Warren,SWarren20@gmail.com,3 - March,twitter
88606,Jeffrey,Diaz,JDiaz28@gmail.com,1 - January,yahoo
88612,Stephanie,Mclean,SMclean75@gmail.com,2 - February,facebook
88618,Nicholas,Middleton,NMiddleton65@gmail.com,3 - March,email
88619,Bruce,Peters,BPeters9@gmail.com,2 - February,twitter
88632,Sarah,Schultz,SSchultz41@gmail.com,2 - February,yahoo
88636,Brandon,Wells,BWells92@gmail.com,2 - February,email
88654,Joyce,Osborne,JOsborne94@gmail.com,3 - March,google
88697,Melissa,Meadows,MMeadows6@gmail.com,2 - February,google
88732,Karen,Mclean,KMclean49@gmail.com,3 - March,twitter
88765,Ralph,Payne,RPayne73@gmail.com,3 - March,google
88766,Jeffrey,Ford,JFord45@gmail.com,1 - January,facebook
88815,Paul,Caldwell,PCaldwell23@gmail.com,3 - March,yahoo
88819,Lawrence,Caldwell,LCaldwell71@gmail.com,2 - February,facebook
88849,Denise,Meadows,DMeadows46@gmail.com,1 - January,google
88852,Zachary,Lambert,ZLambert16@gmail.com,2 - February,facebook
88944,Louis,Caldwell,LCaldwell7@gmail.com,1 - January,email
88997,Ethan,Mclean,EMclean11@gmail.com,2 - February,facebook
89034,Gregory,Mcpherson,GMcpherson63@gmail.com,2 - February,facebook
89077,Diana,Wells,DWells31@gmail.com,3 - March,twitter
89084,Lawrence,Santana,LSantana99@gmail.com,2 - February,facebook
89174,Donald,Aguilar,DAguilar56@gmail.com,2 - February,email
89179,Richard,Schultz,RSchultz92@gmail.com,3 - March,yahoo
89223,Elizabeth,Tillman,ETillman24@gmail.com,2 - February,google
89257,Adam,Caldwell,ACaldwell85@gmail.com,3 - March,twitter
89269,Olivia,Tillman,OTillman86@gmail.com,3 - March,facebook
89325,Denise,Webb,DWebb57@gmail.com,2 - February,yahoo
89358,Jean,Hines,JHines61@gmail.com,1 - January,twitter
89374,Samantha,Meadows,SMeadows74@gmail.com,2 - February,google
89433,Joyce,Koch,JKoch26@gmail.com,3 - March,twitter
89507,Elizabeth,Ford,EFord70@gmail.com,3 - March,twitter
89557,Lawrence,Middleton,LMiddleton92@gmail.com,1 - January,google
89668,Samantha,Bass,SBass19@gmail.com,1 - January,facebook
89670,Denise,Joyce,DJoyce49@gmail.com,1 - January,google
89691,Louis,Lambert,LLambert40@gmail.com,2 - February,facebook
89807,Gregory,Warren,GWarren15@gmail.com,3 - March,facebook
89963,Benjamin,Prince,BPrince61@gmail.com,2 - February,twitter
89964,Richard,Bass,RBass82@gmail.com,3 - March,yahoo
89993,Helen,Hines,HHines83@gmail.com,2 - February,facebook
90052,Alice,Strickland,AStrickland78@gmail.com,2 - February,yahoo
90113,Joyce,Hines,JHines5@gmail.com,2 - February,facebook
90117,Megan,Haney,MHaney52@gmail.com,2 - February,google
90134,Richard,Meadows,RMeadows14@gmail.com,3 - March,facebook
90154,Charles,Meadows,CMeadows71@gmail.com,3 - March,email
90223,William,Aguilar,WAguilar74@gmail.com,3 - March,twitter
90244,Brandon,Diaz,BDiaz54@gmail.com,2 - February,yahoo
90254,Diana,Key,DKey40@gmail.com,3 - March,twitter
90264,Melissa,Warren,MWarren59@gmail.com,2 - February,yahoo
90274,Ronald,Stanley,RStanley54@gmail.com,1 - January,facebook
90276,Sandra,Townsend,STownsend56@gmail.com,3 - March,twitter
90281,Pamela,Meadows,PMeadows27@gmail.com,3 - March,email
90341,Jesse,Santana,JSantana73@gmail.com,1 - January,yahoo
90357,Carolyn,Hoffman,CHoffman83@gmail.com,1 - January,google
90362,Diana,Bass,DBass8@gmail.com,3 - March,facebook
90372,Alice,Walls,AWalls85@gmail.com,2 - February,google
90478,Jean,Wells,JWells67@gmail.com,2 - February,google
90481,Stephanie,Key,SKey21@gmail.com,2 - February,twitter
90495,Samantha,Strickland,SStrickland44@gmail.com,3 - March,yahoo
90595,Megan,Peters,MPeters83@gmail.com,3 - March,twitter
90616,Carolyn,Caldwell,CCaldwell3@gmail.com,2 - February,facebook
90671,Lauren,Aguilar,LAguilar45@gmail.com,1 - January,facebook
90681,Olivia,Wells,OWells35@gmail.com,2 - February,yahoo
90694,Dennis,Schultz,DSchultz25@gmail.com,2 - February,yahoo
90728,Pamela,Stephenson,PStephenson60@gmail.com,2 - February,twitter
90744,Logan,Townsend,LTownsend69@gmail.com,1 - January,facebook
90746,Jeffrey,Diaz,JDiaz96@gmail.com,1 - January,google
90754,Grace,Chandler,GChandler29@gmail.com,3 - March,google
90769,Sarah,Tillman,STillman19@gmail.com,2 - February,yahoo
90807,Ethan,Preston,EPreston86@gmail.com,3 - March,yahoo
90828,Samantha,Walls,SWalls14@gmail.com,1 - January,email
90837,Dennis,Joyce,DJoyce39@gmail.com,1 - January,facebook
90862,Olivia,Hammond,OHammond6@gmail.com,3 - March,yahoo
90863,Grace,Schultz,GSchultz99@gmail.com,3 - March,facebook
90892,Melissa,Warren,MWarren19@gmail.com,2 - February,facebook
90967,Linda,Warren,LWarren59@gmail.com,2 - February,twitter
90997,Olivia,Key,OKey60@gmail.com,2 - February,email
91003,Elizabeth,Salas,ESalas34@gmail.com,1 - January,yahoo
91015,Jean,Middleton,JMiddleton11@gmail.com,2 - February,email
91026,Richard,Payne,RPayne70@gmail.com,3 - March,twitter
91048,Karen,Wilkerson,KWilkerson6@gmail.com,3 - March,email
91051,Nicholas,Prince,NPrince90@gmail.com,2 - February,email
91083,Daniel,Prince,DPrince92@gmail.com,1 - January,facebook
91094,Pamela,Meadows,PMeadows97@gmail.com,1 - January,google
91169,William,Koch,WKoch36@gmail.com,3 - March,facebook
91201,Karen,Townsend,KTownsend41@gmail.com,2 - February,facebook
91230,Ralph,Caldwell,RCaldwell19@gmail.com,3 - March,facebook
91292,Sandra,Aguilar,SAguilar44@gmail.com,2 - February,twitter
91293,Stephanie,Joyce,SJoyce51@gmail.com,2 - February,facebook
91295,Paul,Jacobson,PJacobson4@gmail.com,2 - February,yahoo
91300,Ethan,Lambert,ELambert97@gmail.com,2 - February,yahoo
91360,Daniel,Herrera,DHerrera1@gmail.com,1 - January,yahoo
91376,Sarah,Hines,SHines32@gmail.com,1 - January,email
91436,Donald,Middleton,DMiddleton57@gmail.com,1 - January,facebook
91465,Elizabeth,Warren,EWarren94@gmail.com,3 - March,twitter
91506,Joyce,Osborne,JOsborne89@gmail.com,3 - March,twitter
91509,Teresa,Mcpherson,TMcpherson11@gmail.com,1 - January,facebook
91515,Lauren,Webb,LWebb4@gmail.com,2 - February,yahoo
91665,Logan,Hammond,LHammond54@gmail.com,1 - January,facebook
91688,Gerald,Bass,GBass85@gmail.com,3 - March,twitter
91689,Grace,Tillman,GTillman16@gmail.com,1 - January,email
91735,Zachary,Key,ZKey26@gmail.com,1 - January,google
91777,Dennis,Hoffman,DHoffman9@gmail.com,3 - March,google
91789,Louis,Walls,LWalls50@gmail.com,2 - February,google
91811,Louis,Meadows,LMeadows3@gmail.com,1 - January,facebook
91830,Bruce,Osborne,BOsborne63@gmail.com,1 - January,google
91854,Ralph,Joyce,RJoyce33@gmail.com,2 - February,twitter
91888,Daniel,Schultz,DSchultz14@gmail.com,1 - January,google
91927,Logan,Townsend,LTownsend55@gmail.com,1 - January,facebook
91937,William,Key,WKey46@gmail.com,2 - February,twitter
92074,Brenda,Webb,BWebb16@gmail.com,3 - March,facebook
92076,Marie,Ford,MFord84@gmail.com,3 - March,facebook
92168,Brenda,Warren,BWarren75@gmail.com,1 - January,twitter
92203,Pamela,Osborne,POsborne83@gmail.com,3 - March,google
92210,Samantha,Mclean,SMclean85@gmail.com,3 - March,email
92213,Jesse,Aguilar,JAguilar90@gmail.com,3 - March,yahoo
92223,Donald,Chandler,DChandler21@gmail.com,3 - March,facebook
92288,Zachary,Caldwell,ZCaldwell58@gmail.com,1 - January,yahoo
92306,Teresa,Walls,TWalls97@gmail.com,2 - February,google
92344,Marie,Koch,MKoch63@gmail.com,2 - February,facebook
92384,Diana,Stephenson,DStephenson30@gmail.com,3 - March,facebook
92402,Brandon,Mcpherson,BMcpherson89@gmail.com,3 - March,facebook
92515,Megan,Hoffman,MHoffman74@gmail.com,1 - January,facebook
92564,Benjamin,Aguilar,BAguilar72@gmail.com,1 - January,yahoo
92578,Diana,Prince,DPrince91@gmail.com,1 - January,google
92629,Jean,Warren,JWarren54@gmail.com,3 - March,twitter
92656,Stephanie,Schultz,SSchultz63@gmail.com,1 - January,twitter
92660,Gregory,Middleton,GMiddleton93@gmail.com,1 - January,google
92691,Lawrence,Mclean,LMclean9@gmail.com,1 - January,google
92721,Scott,Stephenson,SStephenson18@gmail.com,2 - February,facebook
92723,Scott,Mclean,SMclean65@gmail.com,2 - February,facebook
92729,Denise,Joyce,DJoyce28@gmail.com,3 - March,yahoo
92745,Gerald,Walls,GWalls49@gmail.com,3 - March,facebook
92779,Ralph,Prince,RPrince5@gmail.com,1 - January,facebook
92864,Joyce,Wilkerson,JWilkerson66@gmail.com,1 - January,facebook
92913,Joyce,Townsend,JTownsend27@gmail.com,2 - February,facebook
92924,William,Haney,WHaney13@gmail.com,2 - February,facebook
92960,Sandra,Mclean,SMclean12@gmail.com,3 - March,twitter
92984,Carolyn,Preston,CPreston65@gmail.com,2 - February,google
93039,Richard,Webb,RWebb35@gmail.com,2 - February,google
93148,Karen,Bass,KBass73@gmail.com,1 - January,google
93164,Ronald,Koch,RKoch32@gmail.com,1 - January,facebook
93202,Teresa,Ochoa,TOchoa61@gmail.com,2 - February,facebook
93203,Gregory,Aguilar,GAguilar50@gmail.com,3 - March,google
93205,Donald,Herrera,DHerrera27@gmail.com,2 - February,yahoo
93211,Lauren,Aguilar,LAguilar29@gmail.com,1 - January,twitter
93238,David,Mcpherson,DMcpherson17@gmail.com,2 - February,twitter
93342,Denise,Warren,DWarren68@gmail.com,2 - February,google
93359,Nicholas,Salas,NSalas15@gmail.com,2 - February,email
93396,Nicholas,Haney,NHaney58@gmail.com,2 - February,google
93418,Charles,Ochoa,COchoa38@gmail.com,1 - January,facebook
93435,Brandon,Lambert,BLambert84@gmail.com,3 - March,facebook
93440,Alice,Strickland,AStrickland84@gmail.com,3 - March,google
93472,Adam,Mcpherson,AMcpherson20@gmail.com,3 - March,facebook
93544,Denise,Chandler,DChandler26@gmail.com,1 - January,google
93558,Joyce,Koch,JKoch82@gmail.com,1 - January,facebook
93584,Scott,Wells,SWells66@gmail.com,1 - January,yahoo
93616,Dennis,Walls,DWalls11@gmail.com,3 - March,yahoo
93634,Lauren,Prince,LPrince40@gmail.com,2 - February,google
93683,Carolyn,Payne,CPayne58@gmail.com,3 - March,yahoo
93701,Jesse,Ford,JFord77@gmail.com,3 - March,yahoo
93719,Helen,Warren,HWarren66@gmail.com,1 - January,google
93729,Olivia,Peters,OPeters23@gmail.com,2 - February,twitter
93769,Lauren,Salas,LSalas50@gmail.com,2 - February,google
93810,Melissa,Webb,MWebb95@gmail.com,1 - January,facebook
93837,Alice,Mcpherson,AMcpherson69@gmail.com,2 - February,yahoo
93859,Logan,Hines,LHines99@gmail.com,3 - March,google
93888,Marie,Salas,MSalas85@gmail.com,1 - January,yahoo
93914,Joyce,Preston,JPreston73@gmail.com,1 - January,twitter
93947,Lawrence,Walls,LWalls20@gmail.com,3 - March,yahoo
93993,Logan,Lambert,LLambert86@gmail.com,1 - January,twitter
93995,Elizabeth,Mcpherson,EMcpherson47@gmail.com,1 - January,twitter
94008,Lauren,Key,LKey69@gmail.com,1 - January,yahoo
94012,Alice,Lambert,ALambert38@gmail.com,2 - February,google
94023,Logan,Bass,LBass53@gmail.com,3 - March,yahoo
94029,Melissa,Wells,MWells80@gmail.com,1 - January,facebook
94066,Lawrence,Hines,LHines81@gmail.com,2 - February,twitter
94068,Jean,Hoffman,JHoffman67@gmail.com,1 - January,google
94070,Frances,Santana,FSantana29@gmail.com,1 - January,google
94085,Linda,Peters,LPeters48@gmail.com,3 - March,google
94123,William,Hammond,WHammond5@gmail.com,3 - March,email
94178,Gregory,Jacobson,GJacobson25@gmail.com,3 - March,google
94182,Sandra,Tillman,STillman32@gmail.com,3 - March,twitter
94186,Bruce,Middleton,BMiddleton17@gmail.com,1 - January,yahoo
94237,Gerald,Meadows,GMeadows13@gmail.com,1 - January,twitter
94239,David,Webb,DWebb78@gmail.com,3 - March,yahoo
94245,Olivia,Warren,OWarren49@gmail.com,3 - March,google
94259,Brenda,Payne,BPayne34@gmail.com,1 - January,twitter
94275,Megan,Hoffman,MHoffman60@gmail.com,3 - March,yahoo
94366,Denise,Koch,DKoch60@gmail.com,1 - January,yahoo
94388,Helen,Schultz,HSchultz61@gmail.com,3 - March,yahoo
94390,Ethan,Wilkerson,EWilkerson65@gmail.com,1 - January,facebook
94393,William,Haney,WHaney15@gmail.com,1 - January,facebook
94443,Richard,Diaz,RDiaz26@gmail.com,3 - March,facebook
94466,Zachary,Hoffman,ZHoffman36@gmail.com,3 - March,yahoo
94495,Carolyn,Schultz,CSchultz57@gmail.com,3 - March,email
94500,Bruce,Osborne,BOsborne25@gmail.com,1 - January,yahoo
94519,Ralph,Caldwell,RCaldwell43@gmail.com,2 - February,yahoo
94523,Dennis,Osborne,DOsborne27@gmail.com,2 - February,facebook
94542,Gregory,Salas,GSalas68@gmail.com,3 - March,yahoo
94554,Gregory,Schultz,GSchultz51@gmail.com,1 - January,facebook
94557,Helen,Aguilar,HAguilar93@gmail.com,2 - February,twitter
94578,Marie,Booker,MBooker69@gmail.com,1 - January,facebook
94607,Marie,Walls,MWalls41@gmail.com,3 - March,yahoo
94642,Samantha,Warren,SWarren95@gmail.com,3 - March,email
94659,William,Ochoa,WOchoa84@gmail.com,2 - February,google
94717,Jesse,Lambert,JLambert29@gmail.com,1 - January,yahoo
94769,Helen,Mclean,HMclean56@gmail.com,1 - January,email
94813,Benjamin,Wells,BWells69@gmail.com,3 - March,facebook
94825,Carolyn,Payne,CPayne16@gmail.com,1 - January,yahoo
94849,Gregory,Schultz,GSchultz78@gmail.com,2 - February,yahoo
94875,Carolyn,Middleton,CMiddleton14@gmail.com,1 - January,email
94886,Dennis,Wilkerson,DWilkerson70@gmail.com,3 - March,facebook
94930,Ethan,Key,EKey1@gmail.com,2 - February,email
94945,Marie,Wilkerson,MWilkerson11@gmail.com,3 - March,email
94972,Lauren,Joyce,LJoyce97@gmail.com,2 - February,yahoo
94984,Gerald,Payne,GPayne60@gmail.com,3 - March,twitter
94985,Bruce,Payne,BPayne93@gmail.com,3 - March,twitter
95003,Lauren,Aguilar,LAguilar91@gmail.com,3 - March,twitter
95033,Helen,Townsend,HTownsend39@gmail.com,1 - January,google
95045,Charles,Lambert,CLambert17@gmail.com,3 - March,email
95078,Lawrence,Bass,LBass69@gmail.com,1 - January,yahoo
95089,Carolyn,Strickland,CStrickland77@gmail.com,3 - March,yahoo
95119,Jeffrey,Stanley,JStanley49@gmail.com,2 - February,twitter
95175,Grace,Bass,GBass40@gmail.com,3 - March,twitter
95181,Stephanie,Middleton,SMiddleton54@gmail.com,1 - January,google
95196,Marie,Herrera,MHerrera36@gmail.com,1 - January,facebook
95199,Charles,Diaz,CDiaz45@gmail.com,3 - March,twitter
95218,Alice,Haney,AHaney69@gmail.com,2 - February,yahoo
95359,Louis,Wells,LWells93@gmail.com,3 - March,facebook
95419,Melissa,Ford,MFord85@gmail.com,3 - March,facebook
95426,Logan,Osborne,LOsborne54@gmail.com,3 - March,yahoo
95459,Marie,Stanley,MStanley90@gmail.com,1 - January,twitter
95460,Jesse,Preston,JPreston60@gmail.com,3 - March,google
95466,Nicholas,Stanley,NStanley86@gmail.com,3 - March,facebook
95603,Zachary,Peters,ZPeters53@gmail.com,1 - January,email
95654,Diana,Peters,DPeters93@gmail.com,1 - January,yahoo
95678,Jeffrey,Wells,JWells76@gmail.com,2 - February,yahoo
95698,Donald,Salas,DSalas71@gmail.com,1 - January,google
95755,Grace,Stephenson,GStephenson37@gmail.com,2 - February,yahoo
95813,Lauren,Walls,LWalls57@gmail.com,2 - February,facebook
95826,Lauren,Hammond,LHammond73@gmail.com,2 - February,google
95841,Gerald,Jacobson,GJacobson79@gmail.com,2 - February,yahoo
95964,Ethan,Preston,EPreston19@gmail.com,2 - February,twitter
95980,William,Stanley,WStanley15@gmail.com,2 - February,facebook
96017,Scott,Wilkerson,SWilkerson53@gmail.com,1 - January,email
96074,Brenda,Ochoa,BOchoa43@gmail.com,2 - February,facebook
96096,Jesse,Mcpherson,JMcpherson69@gmail.com,3 - March,yahoo
96105,Adam,Ochoa,AOchoa94@gmail.com,2 - February,yahoo
96106,Scott,Haney,SHaney30@gmail.com,3 - March,twitter
96117,Jesse,Diaz,JDiaz18@gmail.com,2 - February,facebook
96122,Linda,Payne,LPayne49@gmail.com,3 - March,twitter
96127,Ronald,Aguilar,RAguilar99@gmail.com,2 - February,twitter
96139,Sandra,Diaz,SDiaz6@gmail.com,3 - March,facebook
96175,Jesse,Herrera,JHerrera66@gmail.com,3 - March,google
96208,Adam,Salas,ASalas93@gmail.com,2 - February,twitter
96231,Alice,Mcpherson,AMcpherson95@gmail.com,1 - January,email
96303,Marie,Joyce,MJoyce9@gmail.com,3 - March,twitter
96305,Logan,Santana,LSantana18@gmail.com,3 - March,email
96332,Ethan,Warren,EWarren49@gmail.com,1 - January,yahoo
96341,Sandra,Salas,SSalas44@gmail.com,3 - March,google
96363,Gregory,Haney,GHaney59@gmail.com,2 - February,email
96364,Richard,Koch,RKoch44@gmail.com,2 - February,twitter
96374,Adam,Haney,AHaney3@gmail.com,2 - February,facebook
96391,Samantha,Tillman,STillman18@gmail.com,3 - March,twitter
96400,Grace,Strickland,GStrickland81@gmail.com,1 - January,twitter
96402,Gregory,Hammond,GHammond57@gmail.com,1 - January,facebook
96403,Benjamin,Aguilar,BAguilar92@gmail.com,2 - February,yahoo
96419,Sandra,Wells,SWells60@gmail.com,2 - February,twitter
96427,Adam,Salas,ASalas70@gmail.com,3 - March,yahoo
96431,Marie,Wilkerson,MWilkerson20@gmail.com,2 - February,facebook
96444,Gregory,Mcpherson,GMcpherson57@gmail.com,3 - March,yahoo
96447,Brandon,Walls,BWalls81@gmail.com,3 - March,google
96474,Stephanie,Ochoa,SOchoa14@gmail.com,2 - February,twitter
96486,Adam,Meadows,AMeadows87@gmail.com,3 - March,google
96556,Olivia,Wells,OWells14@gmail.com,1 - January,yahoo
96588,Jean,Diaz,JDiaz94@gmail.com,3 - March,facebook
96628,Stephanie,Salas,SSalas74@gmail.com,3 - March,facebook
96652,Richard,Peters,RPeters43@gmail.com,3 - March,google
96661,Gregory,Salas,GSalas6@gmail.com,2 - February,yahoo
96736,Daniel,Ochoa,DOchoa28@gmail.com,2 - February,yahoo
96739,Scott,Payne,SPayne76@gmail.com,3 - March,facebook
96761,Elizabeth,Jacobson,EJacobson78@gmail.com,2 - February,facebook
96776,Jean,Booker,JBooker38@gmail.com,3 - March,email
96809,Jesse,Jacobson,JJacobson63@gmail.com,3 - March,google
96846,Helen,Chandler,HChandler5@gmail.com,2 - February,facebook
96900,Bruce,Ochoa,BOchoa83@gmail.com,2 - February,yahoo
96951,Gerald,Strickland,GStrickland34@gmail.com,1 - January,facebook
96991,Lawrence,Payne,LPayne64@gmail.com,3 - March,facebook
97073,Charles,Haney,CHaney63@gmail.com,1 - January,yahoo
97107,Dennis,Mclean,DMclean54@gmail.com,3 - March,email
97135,Brandon,Herrera,BHerrera78@gmail.com,2 - February,facebook
97163,Jesse,Stanley,JStanley78@gmail.com,3 - March,google
97194,Olivia,Lambert,OLambert54@gmail.com,2 - February,google
97208,Stephanie,Hoffman,SHoffman77@gmail.com,1 - January,google
97231,Pamela,Salas,PSalas30@gmail.com,2 - February,facebook
97285,Brandon,Lambert,BLambert86@gmail.com,1 - January,google
97340,Ethan,Herrera,EHerrera31@gmail.com,1 - January,yahoo
97385,Joyce,Lambert,JLambert31@gmail.com,2 - February,facebook
97404,Louis,Walls,LWalls37@gmail.com,3 - March,facebook
97498,Jeffrey,Hoffman,JHoffman78@gmail.com,1 - January,yahoo
97500,Ralph,Preston,RPreston33@gmail.com,1 - January,email
97584,William,Koch,WKoch53@gmail.com,1 - January,twitter
97614,David,Tillman,DTillman74@gmail.com,3 - March,google
97625,Donald,Warren,DWarren88@gmail.com,2 - February,yahoo
97643,Scott,Wells,SWells15@gmail.com,3 - March,email
97650,Karen,Middleton,KMiddleton75@gmail.com,1 - January,email
97747,Melissa,Meadows,MMeadows28@gmail.com,2 - February,facebook
97766,Karen,Meadows,KMeadows63@gmail.com,1 - January,google
97771,Jean,Peters,JPeters71@gmail.com,1 - January,facebook
97797,Alice,Hammond,AHammond67@gmail.com,3 - March,twitter
97833,Stephanie,Hammond,SHammond12@gmail.com,2 - February,google
97835,Gerald,Herrera,GHerrera43@gmail.com,2 - February,google
97852,Helen,Webb,HWebb66@gmail.com,3 - March,google
97862,Ronald,Ford,RFord88@gmail.com,2 - February,facebook
97983,Dennis,Strickland,DStrickland72@gmail.com,1 - January,facebook
97993,Samantha,Ford,SFord9@gmail.com,1 - January,yahoo
97994,Karen,Meadows,KMeadows83@gmail.com,2 - February,twitter
98029,Sarah,Lambert,SLambert46@gmail.com,3 - March,facebook
98033,David,Wilkerson,DWilkerson39@gmail.com,3 - March,facebook
98039,Karen,Booker,KBooker13@gmail.com,1 - January,google
98055,Benjamin,Preston,BPreston66@gmail.com,3 - March,email
98063,Paul,Santana,PSantana39@gmail.com,3 - March,yahoo
98079,Lauren,Herrera,LHerrera76@gmail.com,3 - March,facebook
98121,Ethan,Ford,EFord57@gmail.com,1 - January,facebook
98150,Lauren,Prince,LPrince39@gmail.com,3 - March,yahoo
98184,Marie,Stanley,MStanley26@gmail.com,1 - January,email
98225,Lawrence,Wells,LWells61@gmail.com,3 - March,yahoo
98252,Teresa,Warren,TWarren68@gmail.com,2 - February,email
98356,Logan,Strickland,LStrickland78@gmail.com,1 - January,facebook
98363,Teresa,Aguilar,TAguilar51@gmail.com,2 - February,twitter
98395,Helen,Chandler,HChandler47@gmail.com,1 - January,google
98410,Carolyn,Hammond,CHammond29@gmail.com,1 - January,facebook
98488,Joyce,Mclean,JMclean64@gmail.com,2 - February,twitter
98660,Bruce,Payne,BPayne34@gmail.com,2 - February,yahoo
98673,Elizabeth,Payne,EPayne69@gmail.com,1 - January,twitter
98777,Adam,Hines,AHines79@gmail.com,2 - February,google
98781,Jeffrey,Joyce,JJoyce92@gmail.com,1 - January,google
98785,Olivia,Payne,OPayne57@gmail.com,2 - February,facebook
98795,Adam,Caldwell,ACaldwell84@gmail.com,3 - March,facebook
98809,William,Chandler,WChandler7@gmail.com,1 - January,google
98857,Gregory,Meadows,GMeadows93@gmail.com,2 - February,yahoo
98864,Bruce,Middleton,BMiddleton79@gmail.com,1 - January,google
98867,David,Lambert,DLambert40@gmail.com,1 - January,twitter
98918,Helen,Preston,HPreston16@gmail.com,3 - March,google
98940,Lawrence,Warren,LWarren67@gmail.com,2 - February,yahoo
98978,Daniel,Stanley,DStanley26@gmail.com,3 - March,google
99040,Brandon,Preston,BPreston98@gmail.com,1 - January,yahoo
99080,Denise,Koch,DKoch48@gmail.com,3 - March,email
99143,Gregory,Schultz,GSchultz17@gmail.com,3 - March,yahoo
99165,Elizabeth,Osborne,EOsborne90@gmail.com,2 - February,yahoo
99173,Carolyn,Salas,CSalas11@gmail.com,2 - February,google
99211,Denise,Payne,DPayne83@gmail.com,2 - February,yahoo
99226,Lawrence,Booker,LBooker79@gmail.com,2 - February,yahoo
99277,Denise,Tillman,DTillman42@gmail.com,3 - March,twitter
99327,Lauren,Haney,LHaney73@gmail.com,3 - March,twitter
99356,Jean,Strickland,JStrickland42@gmail.com,3 - March,yahoo
99417,Louis,Stephenson,LStephenson17@gmail.com,2 - February,twitter
99443,Pamela,Strickland,PStrickland61@gmail.com,2 - February,google
99463,Nicholas,Tillman,NTillman83@gmail.com,1 - January,yahoo
99517,David,Strickland,DStrickland43@gmail.com,2 - February,yahoo
99538,Elizabeth,Townsend,ETownsend81@gmail.com,1 - January,google
99592,Olivia,Townsend,OTownsend91@gmail.com,2 - February,facebook
99593,Lawrence,Bass,LBass78@gmail.com,2 - February,google
99658,Benjamin,Hoffman,BHoffman12@gmail.com,2 - February,facebook
99694,Marie,Prince,MPrince67@gmail.com,2 - February,google
99714,Linda,Strickland,LStrickland62@gmail.com,3 - March,facebook
99742,Brenda,Stephenson,BStephenson81@gmail.com,1 - January,facebook
99780,Marie,Mcpherson,MMcpherson88@gmail.com,3 - March,facebook
99783,Helen,Haney,HHaney59@gmail.com,1 - January,email
99795,Elizabeth,Ochoa,EOchoa43@gmail.com,2 - February,yahoo
99832,Melissa,Chandler,MChandler56@gmail.com,2 - February,facebook
99833,Pamela,Meadows,PMeadows61@gmail.com,2 - February,yahoo
99921,Ethan,Webb,EWebb59@gmail.com,3 - March,email
99954,Brenda,Koch,BKoch63@gmail.com,2 - February,twitter
99959,Ralph,Hines,RHines59@gmail.com,3 - March,twitter